group,lever,factor,baseline_T,counterfactual_T,delta_T,delta_T_pct,baseline_margin,counterfactual_margin,delta_margin,baseline_P_D,counterfactual_P_D,delta_P_D
Anglosphere ex-US,alpha,0.9,67531.7991356425,68705.61609368256,1173.8169580400572,1.73816923740231,64348.30711436591,65522.12407240597,1173.8169580400572,29813.61988928158,30113.902308592198,300.2824193106171
Anglosphere ex-US,alpha,0.95,67531.7991356425,68111.40248671928,579.6033510767738,0.8582673029524929,64348.30711436591,64927.910465442685,579.6033510767738,29813.61988928158,29961.892322483163,148.27243320158232
Anglosphere ex-US,alpha,1.05,67531.7991356425,66966.27373888461,-565.5253967578901,-0.8374208950393747,64348.30711436591,63782.78171760802,-565.5253967578901,29813.61988928158,29668.9488371581,-144.6710521234818
Anglosphere ex-US,alpha,1.1,67531.7991356425,66414.31954270073,-1117.4795929417742,-1.6547457749455712,64348.30711436591,63230.82752142414,-1117.4795929417742,29813.61988928158,29527.749529852565,-285.8703594290164
Anglosphere ex-US,alpha,1.2,67531.7991356425,65349.216495444314,-2182.5826401981903,-3.2319332049991965,64348.30711436591,62165.72447416772,-2182.5826401981903,29813.61988928158,29255.277985073306,-558.3419042082751
Anglosphere ex-US,beta,0.9,67531.7991356425,67055.2198635431,-476.5792720994068,-0.7057109068605781,64348.30711436591,63871.727842266504,-476.5792720994068,29813.61988928158,29490.55805716829,-323.0618321132897
Anglosphere ex-US,beta,0.95,67531.7991356425,67297.41548367045,-234.38365197204985,-0.34707153514638833,64348.30711436591,64113.92346239386,-234.38365197204985,29813.61988928158,29655.49175318597,-158.12813609561272
Anglosphere ex-US,beta,1.05,67531.7991356425,67758.74791367308,226.94877803057898,0.3360620936142038,64348.30711436591,64575.25589239649,226.94877803057898,29813.61988928158,29965.300327151977,151.68043787039642
Anglosphere ex-US,beta,1.1,67531.7991356425,67978.6149497218,446.8158140792948,0.6616376578118893,64348.30711436591,64795.122928445206,446.8158140792948,29813.61988928158,30110.867448832058,297.2475595504766
Anglosphere ex-US,beta,1.2,67531.7991356425,68398.40758883195,866.6084531894448,1.2832598335619625,64348.30711436591,65214.915567555356,866.6084531894448,29813.61988928158,30384.892860611963,571.2729713303816
Anglosphere ex-US,h_D,0.9,67531.7991356425,66736.21201769829,-795.5871179442183,-1.1780925847188286,64348.30711436591,63552.71999642169,-795.5871179442183,29813.61988928158,28701.512076104886,-1112.1078131766953
Anglosphere ex-US,h_D,0.95,67531.7991356425,67144.16192508151,-387.63721056099166,-0.5740069352845084,64348.30711436591,63960.66990380492,-387.63721056099166,29813.61988928158,29271.762987856568,-541.8569014250133
Anglosphere ex-US,h_D,1.05,67531.7991356425,67900.60391538955,368.8047797470499,0.5461201751878086,64348.30711436591,64717.11189411296,368.8047797470499,29813.61988928158,30329.151963447683,515.5320741661017
Anglosphere ex-US,h_D,1.1,67531.7991356425,68251.91611090435,720.1169752618443,1.0663376135077303,64348.30711436591,65068.424089627755,720.1169752618443,29813.61988928158,30820.23210876959,1006.6122194880081
Anglosphere ex-US,h_D,1.2,67531.7991356425,68906.81541697444,1375.016281331933,2.036101953348101,64348.30711436591,65723.32339569784,1375.0162813319257,29813.61988928158,31735.680107734806,1922.0602184532254
Anglosphere ex-US,h_A,0.9,67531.7991356425,67500.63096165663,-31.16817398587591,-0.0461533298161839,64348.30711436591,64317.138940380035,-31.16817398587591,29813.61988928158,29729.838161492953,-83.7817277886279
Anglosphere ex-US,h_A,0.95,67531.7991356425,67516.79128663761,-15.007849004890886,-0.02222338098048674,64348.30711436591,64333.29926536102,-15.007849004890886,29813.61988928158,29773.2779840872,-40.34190519438198
Anglosphere ex-US,h_A,1.05,67531.7991356425,67545.77354752753,13.974411885021254,0.020693083945464916,64348.30711436591,64362.28152625093,13.974411885021254,29813.61988928158,29851.183859923174,37.56397064159319
Anglosphere ex-US,h_A,1.1,67531.7991356425,67558.81771282693,27.01857718442625,0.04000867373629049,64348.30711436591,64375.32569155034,27.01857718442625,29813.61988928158,29886.247277717262,72.6273884356815
Anglosphere ex-US,h_A,1.2,67531.7991356425,67582.4636613499,50.66452570739784,0.07502321329487235,64348.30711436591,64398.97164007331,50.66452570739784,29813.61988928158,29949.8088589428,136.18896966121974
Anglosphere ex-US,p_D,0.9,67531.7991356425,67531.7991356425,0.0,0.0,64348.30711436591,64348.30711436591,0.0,29813.61988928158,28726.843945488297,-1086.7759437932837
Anglosphere ex-US,p_D,0.95,67531.7991356425,67531.79913564249,-1.4551915228366852e-11,-2.1548241590807137e-14,64348.30711436591,64348.307114365896,-1.4551915228366852e-11,29813.61988928158,29287.529664600097,-526.090224681484
Anglosphere ex-US,p_D,1.05,67531.7991356425,67531.79913564248,-2.9103830456733704e-11,-4.3096483181614274e-14,64348.30711436591,64348.30711436588,-2.9103830456733704e-11,29813.61988928158,30308.22071591247,494.60082663088906
Anglosphere ex-US,p_D,1.1,67531.7991356425,67531.79913564248,-2.9103830456733704e-11,-4.3096483181614274e-14,64348.30711436591,64348.30711436588,-2.9103830456733704e-11,29813.61988928158,30774.077211706626,960.4573224250453
Anglosphere ex-US,p_D,1.2,67531.7991356425,67531.7991356425,0.0,0.0,64348.30711436591,64348.30711436591,0.0,29813.61988928158,31629.029772555456,1815.4098832738746
Anglosphere ex-US,p_A,0.9,67531.7991356425,67531.7991356425,0.0,0.0,64348.30711436591,64348.30711436591,0.0,29813.61988928158,29763.96027280826,-49.65961647332006
Anglosphere ex-US,p_A,0.95,67531.7991356425,67531.79913564249,-1.4551915228366852e-11,-2.1548241590807137e-14,64348.30711436591,64348.307114365896,-1.4551915228366852e-11,29813.61988928158,29789.582277241574,-24.037612040006934
Anglosphere ex-US,p_A,1.05,67531.7991356425,67531.79913564249,-1.4551915228366852e-11,-2.1548241590807137e-14,64348.30711436591,64348.307114365896,-1.4551915228366852e-11,29813.61988928158,29836.215662887673,22.595773606091825
Anglosphere ex-US,p_A,1.1,67531.7991356425,67531.79913564249,-1.4551915228366852e-11,-2.1548241590807137e-14,64348.30711436591,64348.307114365896,-1.4551915228366852e-11,29813.61988928158,29857.495548467487,43.87565918590553
Anglosphere ex-US,p_A,1.2,67531.7991356425,67531.7991356425,0.0,0.0,64348.30711436591,64348.30711436591,0.0,29813.61988928158,29896.542145126885,82.92225584530388
Anglosphere ex-US,d,0.9,67531.7991356425,75191.52964855786,7659.730512915354,11.34240551999841,64348.30711436591,72008.03762728126,7659.7305129153465,29813.61988928158,35744.37420651102,5930.754317229439
Anglosphere ex-US,d,0.95,67531.7991356425,71149.25320494224,3617.45406929974,5.356667696700663,64348.30711436591,67965.76118366564,3617.4540692997325,29813.61988928158,32585.383740001733,2771.763850720152
Anglosphere ex-US,d,1.05,67531.7991356425,64276.017863135945,-3255.7812725065596,-4.821108446951173,64348.30711436591,61092.52584185935,-3255.7812725065596,29813.61988928158,27368.23220349647,-2445.38768578511
Anglosphere ex-US,d,1.1,67531.7991356425,61330.56372721007,-6201.235408432432,-9.182689470447547,64348.30711436591,58147.07170593348,-6201.235408432432,29813.61988928158,25199.993535366928,-4613.626353914653
Anglosphere ex-US,d,1.2,67531.7991356425,56209.247813619644,-11322.55132202286,-16.76625155399858,64348.30711436591,53025.75579234305,-11322.55132202286,29813.61988928158,21541.246275069403,-8272.373614212178
Continental Europe,alpha,0.9,195095.26841586374,196959.49211999978,1864.223704136035,0.9555453185887975,191171.7689307968,193035.99263493283,1864.223704136035,83505.51305950587,83847.85107160964,342.3380121037626
Continental Europe,alpha,0.95,195095.26841586374,196020.29615653498,925.0277406712412,0.4741415556524202,191171.7689307968,192096.79667146804,925.0277406712412,83505.51305950587,83675.38116985104,169.86811034516722
Continental Europe,alpha,1.05,195095.26841586374,194184.09069641598,-911.1777194477618,-0.46704244897703084,191171.7689307968,190260.59121134903,-911.1777194477618,83505.51305950587,83338.1883074083,-167.32475209757104
Continental Europe,alpha,1.1,195095.26841586374,193286.4542543937,-1808.8141614700435,-0.9271440441161226,191171.7689307968,189362.95476932675,-1808.8141614700435,83505.51305950587,83173.35021717692,-332.1628423289512
Continental Europe,alpha,1.2,195095.26841586374,191530.61543884967,-3564.652977014077,-1.8271345102105125,191171.7689307968,187607.11595378272,-3564.652977014077,83505.51305950587,82850.91553921723,-654.5975202886475
Continental Europe,beta,0.9,195095.26841586374,194154.1931038346,-941.0753120291338,-0.48236706080597713,191171.7689307968,190230.69361876766,-941.0753120291338,83505.51305950587,82950.07067587296,-555.4423836329079
Continental Europe,beta,0.95,195095.26841586374,194635.13271465863,-460.13570120511577,-0.2358517994523033,191171.7689307968,190711.63322959168,-460.13570120511577,83505.51305950587,83236.20209888984,-269.31096061602875
Continental Europe,beta,1.05,195095.26841586374,195535.93568605284,440.66727018909296,0.22587286394346048,191171.7689307968,191612.4362009859,440.66727018909296,83505.51305950587,83759.22111452925,253.70805502338044
Continental Europe,beta,1.1,195095.26841586374,195958.35774004168,863.0893241779413,0.44239377571073946,191171.7689307968,192034.85825497474,863.0893241779413,83505.51305950587,83998.43609539157,492.9230358857021
Continental Europe,beta,1.2,195095.26841586374,196752.86572544192,1657.597309578181,0.8496348081824608,191171.7689307968,192829.36624037498,1657.597309578181,83505.51305950587,84437.35424618376,931.8411866778915
Continental Europe,h_D,0.9,195095.26841586374,193819.84991818006,-1275.418497683684,-0.6537413787837287,191171.7689307968,189896.3504331131,-1275.418497683684,83505.51305950587,80564.9047670301,-2940.6082924757793
Continental Europe,h_D,0.95,195095.26841586374,194475.82787075877,-619.4405451049679,-0.3175066982068333,191171.7689307968,190552.32838569183,-619.4405451049679,83505.51305950587,82077.32928536457,-1428.1837741413037
Continental Europe,h_D,1.05,195095.26841586374,195681.14149513075,585.8730792670103,0.30030101909912404,191171.7689307968,191757.6420100638,585.8730792670103,83505.51305950587,84856.30359481646,1350.790535310589
Continental Europe,h_D,1.1,195095.26841586374,196236.1036594062,1140.8352435424458,0.58475802760662,191171.7689307968,192312.60417433924,1140.8352435424458,83505.51305950587,86135.82584201802,2630.3127825121483
Continental Europe,h_D,1.2,195095.26841586374,197262.59008209448,2167.3216662307386,1.1109042694007785,191171.7689307968,193339.09059702753,2167.3216662307386,83505.51305950587,88502.49567796037,4996.9826184544945
Continental Europe,h_A,0.9,195095.26841586374,195054.21059889818,-41.05781696556369,-0.02104500908655823,191171.7689307968,191130.71111383123,-41.05781696556369,83505.51305950587,83321.13604565531,-184.37701385056425
Continental Europe,h_A,0.95,195095.26841586374,195075.45207923764,-19.816336626099655,-0.010157261519976634,191171.7689307968,191151.9525941707,-19.816336626099655,83505.51305950587,83416.52447602517,-88.98858348070644
Continental Europe,h_A,1.05,195095.26841586374,195113.79837823362,18.529962369881105,0.009497904547014827,191171.7689307968,191190.29889316668,18.529962369881105,83505.51305950587,83588.72496362108,83.21190411520365
Continental Europe,h_A,1.1,195095.26841586374,195131.16328579345,35.89486992970342,0.01839863684094591,191171.7689307968,191207.6638007265,35.89486992970342,83505.51305950587,83666.70499369306,161.1919341871835
Continental Europe,h_A,1.2,195095.26841586374,195162.81144799117,67.54303212743253,0.034620538302065976,191171.7689307968,191239.31196292423,67.54303212743253,83505.51305950587,83808.82637449574,303.313314989864
Continental Europe,p_D,0.9,195095.26841586374,195095.26841586374,0.0,0.0,191171.7689307968,191171.7689307968,0.0,83505.51305950587,80340.10098295799,-3165.4120765478874
Continental Europe,p_D,0.95,195095.26841586374,195095.26841586374,0.0,0.0,191171.7689307968,191171.7689307968,0.0,83505.51305950587,81973.04946460479,-1532.4635949010844
Continental Europe,p_D,1.05,195095.26841586374,195095.26841586377,2.9103830456733704e-11,1.4917753102395173e-14,191171.7689307968,191171.76893079682,2.9103830456733704e-11,83505.51305950587,84946.49004496382,1440.97698545795
Continental Europe,p_D,1.1,195095.26841586374,195095.26841586368,-5.820766091346741e-11,-2.9835506204790345e-14,191171.7689307968,191171.76893079674,-5.820766091346741e-11,83505.51305950587,86303.93546132471,2798.4224018188397
Continental Europe,p_D,1.2,195095.26841586374,195095.26841586374,0.0,0.0,191171.7689307968,191171.7689307968,0.0,83505.51305950587,88795.69298609621,5290.179926590339
Continental Europe,p_A,0.9,195095.26841586374,195095.26841586365,-8.731149137020111e-11,-4.475325930718552e-14,191171.7689307968,191171.7689307967,-8.731149137020111e-11,83505.51305950587,83394.68099456307,-110.83206494280603
Continental Europe,p_A,0.95,195095.26841586374,195095.26841586374,0.0,0.0,191171.7689307968,191171.7689307968,0.0,83505.51305950587,83451.71331446189,-53.79974504398706
Continental Europe,p_A,1.05,195095.26841586374,195095.26841586377,2.9103830456733704e-11,1.4917753102395173e-14,191171.7689307968,191171.76893079682,2.9103830456733704e-11,83505.51305950587,83556.34748770855,50.83442820268101
Continental Europe,p_A,1.1,195095.26841586374,195095.26841586374,0.0,0.0,191171.7689307968,191171.7689307968,0.0,83505.51305950587,83604.45518594614,98.94212644026265
Continental Europe,p_A,1.2,195095.26841586374,195095.2684158637,-2.9103830456733704e-11,-1.4917753102395173e-14,191171.7689307968,191171.76893079677,-2.9103830456733704e-11,83505.51305950587,83693.32327850803,187.81021900216
Continental Europe,d,0.9,195095.26841586374,217188.40367249819,22093.135256634443,11.324280407221803,191171.7689307968,213264.90418743124,22093.135256634443,83505.51305950587,100096.96441593577,16591.451356429898
Continental Europe,d,0.95,195095.26841586374,205542.01540837716,10446.746992513421,5.354690084151711,191171.7689307968,201618.51592331022,10446.746992513421,83505.51305950587,91264.06679397383,7758.5537344679615
Continental Europe,d,1.05,195095.26841586374,185673.09209076694,-9422.176325096807,-4.829525801216542,191171.7689307968,181749.5926057,-9422.176325096807,83505.51305950587,76654.1442372688,-6851.368822237069
Continental Europe,d,1.1,195095.26841586374,177132.67387328524,-17962.594542578503,-9.207088766647871,191171.7689307968,173209.1743882183,-17962.594542578503,83505.51305950587,70574.42250878148,-12931.090550724388
Continental Europe,d,1.2,195095.26841586374,162246.5134740058,-32848.754941857944,-16.837289396397743,191171.7689307968,158323.01398893885,-32848.754941857944,83505.51305950587,60305.60004329005,-23199.913016215825
Hindu,alpha,0.9,53434.34853852232,53938.94450911657,504.5959705942514,0.9443288528734921,51185.478973304926,51690.07494389918,504.5959705942514,30254.36495078349,30349.052317673395,94.68736688990612
Hindu,alpha,0.95,53434.34853852232,53684.13621105254,249.78767253021942,0.46746648805896923,51185.478973304926,51435.266645835145,249.78767253021942,30254.36495078349,30301.237574371018,46.87262358752923
Hindu,alpha,1.05,53434.34853852232,53189.4345529854,-244.91398553691397,-0.4583456002281915,51185.478973304926,50940.56498776801,-244.91398553691397,30254.36495078349,30208.406873913194,-45.95807687029446
Hindu,alpha,1.1,53434.34853852232,52949.25299443296,-485.09554408935946,-0.9078346744316355,51185.478973304926,50700.383429215566,-485.09554408935946,30254.36495078349,30163.336836338247,-91.02811444524195
Hindu,alpha,1.2,53434.34853852232,52482.54889622671,-951.7996422956057,-1.7812505781920907,51185.478973304926,50233.67933100932,-951.7996422956057,30254.36495078349,30075.75987427127,-178.60507651221997
Hindu,beta,0.9,53434.34853852232,53080.802454875826,-353.54608364649175,-0.6616457266090003,51185.478973304926,50831.932889658434,-353.54608364649175,30254.36495078349,30026.394532209142,-227.9704185743467
Hindu,beta,0.95,53434.34853852232,53262.7588939279,-171.5896445944163,-0.3211223665816989,51185.478973304926,51013.88932871051,-171.5896445944163,30254.36495078349,30144.79099071318,-109.57396007030911
Hindu,beta,1.05,53434.34853852232,53596.44439047125,162.0958519489359,0.3033551570897818,51185.478973304926,51347.57482525386,162.0958519489359,30254.36495078349,30355.934070517964,101.56911973447495
Hindu,beta,1.1,53434.34853852232,53749.823751049946,315.4752125276282,0.5903977893549002,51185.478973304926,51500.954185832554,315.4752125276282,30254.36495078349,30450.222912733585,195.85796195009607
Hindu,beta,1.2,53434.34853852232,54033.138369027685,598.7898305053677,1.1206084604431612,51185.478973304926,51784.26880381029,598.7898305053677,30254.36495078349,30619.466311119417,365.1013603359279
Hindu,h_D,0.9,53434.34853852232,53071.81705674081,-362.5314817815088,-0.6784614984501022,51185.478973304926,50822.94749152342,-362.5314817815088,30254.36495078349,29364.245417033584,-890.1195337499048
Hindu,h_D,0.95,53434.34853852232,53258.264018361886,-176.08452016043157,-0.32953432572212854,51185.478973304926,51009.394453144494,-176.08452016043157,30254.36495078349,29822.0265778081,-432.33837297538776
Hindu,h_D,1.05,53434.34853852232,53600.911152719316,166.56261419699877,0.31171450340957957,51185.478973304926,51352.041587501924,166.56261419699877,30254.36495078349,30663.324293460813,408.95934267732446
Hindu,h_D,1.1,53434.34853852232,53758.70388442022,324.3553458979004,0.6070165628838229,51185.478973304926,51509.834319202826,324.3553458979004,30254.36495078349,31050.751040734016,796.3860899505271
Hindu,h_D,1.2,53434.34853852232,54050.61164274423,616.2631042219145,1.153308912857117,51185.478973304926,51801.74207752684,616.2631042219145,30254.36495078349,31767.468928131024,1513.103977347535
Hindu,h_A,0.9,53434.34853852232,53412.90758947094,-21.440949051378993,-0.04012577983601992,51185.478973304926,51164.03802425355,-21.440949051378993,30254.36495078349,30172.645200419993,-81.71975036349613
Hindu,h_A,0.95,53434.34853852232,53424.009026572254,-10.339511950063752,-0.019349935449497823,51185.478973304926,51175.13946135486,-10.339511950063752,30254.36495078349,30214.957071336776,-39.407879446713196
Hindu,h_A,1.05,53434.34853852232,53444.0019626834,9.653424161078874,0.018065952753441826,51185.478973304926,51195.132397466004,9.653424161078874,30254.36495078349,30291.157884282264,36.7929334987748
Hindu,h_A,1.1,53434.34853852232,53453.03539509954,18.686856577223807,0.03497161860923958,51185.478973304926,51204.16582988215,18.686856577223807,30254.36495078349,30325.58778942333,71.22283863984194
Hindu,h_A,1.2,53434.34853852232,53469.46678048339,35.11824196107045,0.06572222347906559,51185.478973304926,51220.597215265996,35.11824196107045,30254.36495078349,30388.214154911013,133.849204127524
Hindu,p_D,0.9,53434.34853852232,53434.348538522296,-2.1827872842550278e-11,-4.084989045354217e-14,51185.478973304926,51185.478973304904,-2.1827872842550278e-11,30254.36495078349,29557.934989174835,-696.4299616086537
Hindu,p_D,0.95,53434.34853852232,53434.348538522296,-2.1827872842550278e-11,-4.084989045354217e-14,51185.478973304926,51185.478973304904,-2.1827872842550278e-11,30254.36495078349,29919.932549462923,-334.432401320566
Hindu,p_D,1.05,53434.34853852232,53434.34853852232,0.0,0.0,51185.478973304926,51185.478973304926,0.0,30254.36495078349,30564.265235234063,309.90028445057396
Hindu,p_D,1.1,53434.34853852232,53434.3485385223,-1.4551915228366852e-11,-2.7233260302361447e-14,51185.478973304926,51185.47897330491,-1.4551915228366852e-11,30254.36495078349,30852.237213451193,597.8722626677045
Hindu,p_D,1.2,53434.34853852232,53434.3485385223,-1.4551915228366852e-11,-2.7233260302361447e-14,51185.478973304926,51185.47897330491,-1.4551915228366852e-11,30254.36495078349,31371.09081146902,1116.725860685532
Hindu,p_A,0.9,53434.34853852232,53434.34853852231,-7.275957614183426e-12,-1.3616630151180723e-14,51185.478973304926,51185.47897330492,-7.275957614183426e-12,30254.36495078349,30220.08857897392,-34.276371809570264
Hindu,p_A,0.95,53434.34853852232,53434.3485385223,-1.4551915228366852e-11,-2.7233260302361447e-14,51185.478973304926,51185.47897330491,-1.4551915228366852e-11,30254.36495078349,30237.74561221265,-16.619338570839318
Hindu,p_A,1.05,53434.34853852232,53434.34853852232,0.0,0.0,51185.478973304926,51185.478973304926,0.0,30254.36495078349,30270.035460550673,15.67050976718383
Hindu,p_A,1.1,53434.34853852232,53434.3485385223,-1.4551915228366852e-11,-2.7233260302361447e-14,51185.478973304926,51185.47897330491,-1.4551915228366852e-11,30254.36495078349,30284.836141962507,30.471191179018206
Hindu,p_A,1.2,53434.34853852232,53434.34853852231,-7.275957614183426e-12,-1.3616630151180723e-14,51185.478973304926,51185.47897330492,-7.275957614183426e-12,30254.36495078349,30312.102476516193,57.73752573270394
Hindu,d,0.9,53434.34853852232,59618.56224849049,6184.213709968171,11.57348012862887,51185.478973304926,57369.6926832731,6184.213709968171,30254.36495078349,35602.650046127485,5348.285095343996
Hindu,d,0.95,53434.34853852232,56357.95982910824,2923.611290585919,5.471408130817213,51185.478973304926,54109.090263890845,2923.611290585919,30254.36495078349,32766.9467409555,2512.581790172011
Hindu,d,1.05,53434.34853852232,50798.73053894884,-2635.6179995734783,-4.932441531823649,51185.478973304926,48549.86097373145,-2635.6179995734783,30254.36495078349,28016.5475598123,-2237.8173909711877
Hindu,d,1.1,53434.34853852232,48411.09266299836,-5023.255875523959,-9.400799322747526,51185.478973304926,46162.22309778097,-5023.255875523959,30254.36495078349,26014.08440833543,-4240.2805424480575
Hindu,d,1.2,53434.34853852232,44253.35337056279,-9180.995167959525,-17.181822964194446,51185.478973304926,42004.4838053454,-9180.995167959525,30254.36495078349,22591.056193842916,-7663.3087569405725
Islamic,alpha,0.9,88522.00518421628,89439.71746428052,917.7122800642392,1.0367052555513845,86267.28723549833,87184.99951556257,917.7122800642392,47272.53077473572,47431.36295037191,158.8321756361911
Islamic,alpha,0.95,88522.00518421628,88976.12400815301,454.11882393673295,0.5130010588798813,86267.28723549833,86721.40605943506,454.11882393673295,47272.53077473572,47351.126956098975,78.59618136325298
Islamic,alpha,1.05,88522.00518421628,88077.07347563229,-444.9317085839866,-0.5026227181118116,86267.28723549833,85822.35552691434,-444.9317085839866,47272.53077473572,47195.52464458021,-77.00613015551062
Islamic,alpha,1.1,88522.00518421628,87641.05288236753,-880.9523018487525,-0.995178882375598,86267.28723549833,85386.33493364957,-880.9523018487525,47272.53077473572,47120.06079719051,-152.46997754520999
Islamic,alpha,1.2,88522.00518421628,86794.69523372911,-1727.3099504871643,-1.9512774782864368,86267.28723549833,84539.97728501116,-1727.3099504871643,47272.53077473572,46973.578256180874,-298.9525185548482
Islamic,beta,0.9,88522.00518421628,87894.00880109999,-627.9963831162895,-0.7094240373446297,86267.28723549833,85639.29085238204,-627.9963831162895,47272.53077473572,46892.90583684526,-379.6249378904613
Islamic,beta,0.95,88522.00518421628,88216.98796312054,-305.01722109573893,-0.3445665520804587,86267.28723549833,85962.27001440259,-305.01722109573893,47272.53077473572,47090.08231676449,-182.4484579712298
Islamic,beta,1.05,88522.00518421628,88810.54371423008,288.5385300138005,0.32595119079526647,86267.28723549833,86555.82576551213,288.5385300138005,47272.53077473572,47441.61193893469,169.08116419897124
Islamic,beta,1.1,88522.00518421628,89083.9269979163,561.9218137000134,0.6347820663694203,86267.28723549833,86829.20904919834,561.9218137000134,47272.53077473572,47598.53282439335,326.0020496576253
Islamic,beta,1.2,88522.00518421628,89589.8453144008,1067.8401301845151,1.2062990755375635,86267.28723549833,87335.12736568284,1067.8401301845151,47272.53077473572,47880.07377628647,607.5430015507445
Islamic,h_D,0.9,88522.00518421628,87900.68456080978,-621.3206234065001,-0.7018826811633084,86267.28723549833,85645.96661209183,-621.3206234065001,47272.53077473572,45739.967648897946,-1532.5631258377762
Islamic,h_D,0.95,88522.00518421628,88219.65795579675,-302.34722841953044,-0.3415503611676431,86267.28723549833,85964.9400070788,-302.34722841953044,47272.53077473572,46526.754446027175,-745.7763287085472
Islamic,h_D,1.05,88522.00518421628,88808.99316098727,286.98797677099355,0.32419958876187355,86267.28723549833,86554.27521226932,286.98797677099355,47272.53077473572,47980.42163524923,707.8908605135075
Islamic,h_D,1.1,88522.00518421628,89081.76327083804,559.7580866217613,0.632337784776669,86267.28723549833,86827.04532212009,559.7580866217613,47272.53077473572,48653.24239226206,1380.7116175263363
Islamic,h_D,1.2,88522.00518421628,89588.67665905984,1066.6714748435625,1.2049788892872402,86267.28723549833,87333.95871034189,1066.6714748435625,47272.53077473572,49903.60611352862,2631.0753387929
Islamic,h_A,0.9,88522.00518421628,88478.55478200314,-43.450402213144116,-0.049084295054910757,86267.28723549833,86223.83683328518,-43.450402213144116,47272.53077473572,47112.48239728989,-160.04837744583347
Islamic,h_A,0.95,88522.00518421628,88500.99967057409,-21.005513642186997,-0.023729143503328977,86267.28723549833,86246.28172185614,-21.005513642186997,47272.53077473572,47195.15753525784,-77.37323947788536
Islamic,h_A,1.05,88522.00518421628,88541.70548037221,19.700296155933756,0.022254688102621486,86267.28723549833,86286.98753165426,19.700296155933756,47272.53077473572,47345.09628102249,72.56550628676632
Islamic,h_A,1.1,88522.00518421628,88560.2185466026,38.213362386319204,0.043168206941083566,86267.28723549833,86305.50059788465,38.213362386319204,47272.53077473572,47413.288658096186,140.7578833604639
Islamic,h_A,1.2,88522.00518421628,88594.08787636354,72.0826921472617,0.08142912262013947,86267.28723549833,86339.36992764559,72.0826921472617,47272.53077473572,47538.04541516439,265.51464042867156
Islamic,p_D,0.9,88522.00518421628,88522.00518421624,-4.3655745685100555e-11,-4.931626389873565e-14,86267.28723549833,86267.28723549828,-4.3655745685100555e-11,47272.53077473572,46144.25366470029,-1128.2771100354294
Islamic,p_D,0.95,88522.00518421628,88522.00518421625,-2.9103830456733704e-11,-3.287750926582377e-14,86267.28723549833,86267.2872354983,-2.9103830456733704e-11,47272.53077473572,46730.456048717424,-542.074726018298
Islamic,p_D,1.05,88522.00518421628,88522.00518421624,-4.3655745685100555e-11,-4.931626389873565e-14,86267.28723549833,86267.28723549828,-4.3655745685100555e-11,47272.53077473572,47775.27981142966,502.74903669393825
Islamic,p_D,1.1,88522.00518421628,88522.00518421625,-2.9103830456733704e-11,-3.287750926582377e-14,86267.28723549833,86267.2872354983,-2.9103830456733704e-11,47272.53077473572,48242.83278245694,970.3020077212204
Islamic,p_D,1.2,88522.00518421628,88522.00518421628,0.0,0.0,86267.28723549833,86267.28723549833,0.0,47272.53077473572,49086.16713853337,1813.6363637976465
Islamic,p_A,0.9,88522.00518421628,88522.00518421628,0.0,0.0,86267.28723549833,86267.28723549833,0.0,47272.53077473572,47213.73234723157,-58.79842750415264
Islamic,p_A,0.95,88522.00518421628,88522.00518421625,-2.9103830456733704e-11,-3.287750926582377e-14,86267.28723549833,86267.2872354983,-2.9103830456733704e-11,47272.53077473572,47243.97397034202,-28.556804393701896
Islamic,p_A,1.05,88522.00518421628,88522.00518421628,0.0,0.0,86267.28723549833,86267.28723549833,0.0,47272.53077473572,47299.53974139046,27.00896665473556
Islamic,p_A,1.1,88522.00518421628,88522.00518421628,0.0,0.0,86267.28723549833,86267.28723549833,0.0,47272.53077473572,47325.12339379356,52.59261905783933
Islamic,p_A,1.2,88522.00518421628,88522.00518421625,-2.9103830456733704e-11,-3.287750926582377e-14,86267.28723549833,86267.2872354983,-2.9103830456733704e-11,47272.53077473572,47372.44343291723,99.91265818150714
Islamic,d,0.9,88522.00518421628,98760.87221727739,10238.867033061106,11.566465323230979,86267.28723549833,96506.15426855943,10238.867033061106,47272.53077473572,55902.4466597285,8629.915884992777
Islamic,d,0.95,88522.00518421628,93361.40107779962,4839.395893583336,5.466884627740238,86267.28723549833,91106.68312908166,4839.395893583336,47272.53077473572,51321.979001086314,4049.4482263505924
Islamic,d,1.05,88522.00518421628,84160.99105305944,-4361.014131156844,-4.926474634280455,86267.28723549833,81906.27310434148,-4361.014131156844,47272.53077473572,43673.87201763201,-3598.658757103709
Islamic,d,1.1,88522.00518421628,80211.67600325546,-8310.32918096082,-9.38786820708234,86267.28723549833,77956.9580545375,-8310.32918096082,47272.53077473572,40460.68947702061,-6811.841297715109
Islamic,d,1.2,88522.00518421628,73337.60808715125,-15184.397097065026,-17.15324575563551,86267.28723549833,71082.8901384333,-15184.397097065026,47272.53077473572,34985.26833871984,-12287.26243601588
Japanese,alpha,0.9,29331.82882692992,29730.055994736103,398.2271678061843,1.357662252005804,27539.18176810639,27937.408935912576,398.2271678061843,7370.441899161956,7396.078727950531,25.636828788575258
Japanese,alpha,0.95,29331.82882692992,29529.14275111437,197.31392418445103,0.672695607725948,27539.18176810639,27736.495692290842,197.31392418445103,7370.441899161956,7383.144456146665,12.70255698470919
Japanese,alpha,1.05,29331.82882692992,29138.01835926379,-193.8104676661278,-0.6607513933402884,27539.18176810639,27345.371300440263,-193.8104676661278,7370.441899161956,7357.9648855911255,-12.477013570830422
Japanese,alpha,1.1,29331.82882692992,28947.61885947651,-384.20996745340744,-1.3098738906476213,27539.18176810639,27154.971800652984,-384.20996745340744,7370.441899161956,7345.707461256249,-24.734437905706727
Japanese,alpha,1.2,29331.82882692992,28576.698804999305,-755.130021930614,-2.5744389358951927,27539.18176810639,26784.051746175777,-755.130021930614,7370.441899161956,7321.828593364672,-48.61330579728383
Japanese,beta,0.9,29331.82882692992,29175.588678326647,-156.24014860327225,-0.5326641905799826,27539.18176810639,27382.94161950312,-156.24014860327225,7370.441899161956,7298.04223781269,-72.39966134926635
Japanese,beta,0.95,29331.82882692992,29255.036196858877,-76.79263007104237,-0.26180648511264354,27539.18176810639,27462.38913803535,-76.79263007104237,7370.441899161956,7335.198180063081,-35.24371909887486
Japanese,beta,1.05,29331.82882692992,29406.10016381439,74.27133688447066,0.2532107265547698,27539.18176810639,27613.453104990862,74.27133688447066,7370.441899161956,7403.888205088514,33.446305926558125
Japanese,beta,1.1,29331.82882692992,29477.974916449857,146.14608951993796,0.4982508604637683,27539.18176810639,27685.32785762633,146.14608951993796,7370.441899161956,7435.643636123335,65.20173696137954
Japanese,beta,1.2,29331.82882692992,29614.993376528237,283.16454959831754,0.9653832063084339,27539.18176810639,27822.34631770471,283.16454959831754,7370.441899161956,7494.470825537018,124.02892637506193
Japanese,h_D,0.9,29331.82882692992,29161.926035456734,-169.90279147318506,-0.5792437712482325,27539.18176810639,27369.278976633206,-169.90279147318506,7370.441899161956,6980.620005795656,-389.8218933663002
Japanese,h_D,0.95,29331.82882692992,29248.36559437822,-83.46323255169773,-0.28454834181723127,27539.18176810639,27455.718535554694,-83.46323255169773,7370.441899161956,7178.945367188203,-191.496531973753
Japanese,h_D,1.05,29331.82882692992,29412.466854711136,80.6380277812168,0.2749164678991377,27539.18176810639,27619.819795887608,80.6380277812168,7370.441899161956,7555.456332382511,185.01443322055547
Japanese,h_D,1.1,29331.82882692992,29490.42073875537,158.59191182544964,0.5406819764332064,27539.18176810639,27697.77367993184,158.59191182544964,7370.441899161956,7734.312314735062,363.8704155731057
Japanese,h_D,1.2,29331.82882692992,29638.794878309436,306.966051379517,1.0465288516128515,27539.18176810639,27846.14781948591,306.966051379517,7370.441899161956,8074.73925831879,704.2973591568343
Japanese,h_A,0.9,29331.82882692992,29322.555129021162,-9.27369790875673,-0.031616500844442515,27539.18176810639,27529.908070197635,-9.27369790875673,7370.441899161956,7332.012310104295,-38.42958905766136
Japanese,h_A,0.95,29331.82882692992,29327.32353237691,-4.505294553007843,-0.015359746504696209,27539.18176810639,27534.676473553383,-4.505294553007843,7370.441899161956,7351.772257347083,-18.669641814873103
Japanese,h_A,1.05,29331.82882692992,29336.092204569642,4.2633776397233305,0.014534987452978283,27539.18176810639,27543.445145746115,4.2633776397233305,7370.441899161956,7388.109053333261,17.6671541713049
Japanese,h_A,1.1,29331.82882692992,29340.1326408448,8.303813914881175,0.028309908542959106,27539.18176810639,27547.485582021272,8.303813914881175,7370.441899161956,7404.852353276367,34.41045411441064
Japanese,h_A,1.2,29331.82882692992,29347.611161862107,15.78233493218795,0.05380617425974473,27539.18176810639,27554.96410303858,15.78233493218795,7370.441899161956,7435.842848360623,65.40094919866715
Japanese,p_D,0.9,29331.82882692992,29331.828826929912,-7.275957614183426e-12,-2.4805673240201368e-14,27539.18176810639,27539.181768106384,-7.275957614183426e-12,7370.441899161956,7046.357542148817,-324.0843570131392
Japanese,p_D,0.95,29331.82882692992,29331.828826929916,-3.637978807091713e-12,-1.2402836620100684e-14,27539.18176810639,27539.181768106388,-3.637978807091713e-12,7370.441899161956,7212.868652617745,-157.57324654421063
Japanese,p_D,1.05,29331.82882692992,29331.828826929923,3.637978807091713e-12,1.2402836620100684e-14,27539.18176810639,27539.181768106395,3.637978807091713e-12,7370.441899161956,7519.778112800092,149.33621363813563
Japanese,p_D,1.1,29331.82882692992,29331.82882692992,0.0,0.0,27539.18176810639,27539.18176810639,0.0,7370.441899161956,7661.506719946689,291.06482078473346
Japanese,p_D,1.2,29331.82882692992,29331.82882692991,-1.0913936421275139e-11,-3.720850986030205e-14,27539.18176810639,27539.18176810638,-1.0913936421275139e-11,7370.441899161956,7924.353715802344,553.9118166403878
Japanese,p_A,0.9,29331.82882692992,29331.828826929923,3.637978807091713e-12,1.2402836620100684e-14,27539.18176810639,27539.181768106395,3.637978807091713e-12,7370.441899161956,7354.181385709723,-16.26051345223277
Japanese,p_A,0.95,29331.82882692992,29331.828826929923,3.637978807091713e-12,1.2402836620100684e-14,27539.18176810639,27539.181768106395,3.637978807091713e-12,7370.441899161956,7362.544957122993,-7.896942038963061
Japanese,p_A,1.05,29331.82882692992,29331.828826929923,3.637978807091713e-12,1.2402836620100684e-14,27539.18176810639,27539.181768106395,3.637978807091713e-12,7370.441899161956,7377.9102040083935,7.468304846437604
Japanese,p_A,1.1,29331.82882692992,29331.82882692992,0.0,0.0,27539.18176810639,27539.18176810639,0.0,7370.441899161956,7384.9838484726415,14.541949310685595
Japanese,p_A,1.2,29331.82882692992,29331.828826929916,-3.637978807091713e-12,-1.2402836620100684e-14,27539.18176810639,27539.181768106388,-3.637978807091713e-12,7370.441899161956,7398.066009750229,27.624110588272742
Japanese,d,0.9,29331.82882692992,32525.64944153196,3193.820614602042,10.888583297846587,27539.18176810639,30733.002382708433,3193.820614602042,7370.441899161956,9128.454381857055,1758.0124826950987
Japanese,d,0.95,29331.82882692992,30842.29073447168,1510.4619075417613,5.149566078726695,27539.18176810639,29049.643675648153,1510.4619075417613,7370.441899161956,8184.920316670147,814.4784175081913
Japanese,d,1.05,29331.82882692992,27968.732437137936,-1363.0963897919828,-4.647157863339592,27539.18176810639,26176.08537831441,-1363.0963897919828,7370.441899161956,6663.178019393928,-707.2638797680283
Japanese,d,1.1,29331.82882692992,26732.246417530427,-2599.5824093994925,-8.862667325444034,27539.18176810639,24939.5993587069,-2599.5824093994925,7370.441899161956,6045.6686105564795,-1324.7732886054764
Japanese,d,1.2,29331.82882692992,24573.86727021639,-4757.96155671353,-16.22115547171469,27539.18176810639,22781.22021139286,-4757.96155671353,7370.441899161956,5026.176666346001,-2344.2652328159547
Other Civilizations,alpha,0.9,59354.84839260868,60245.39807675537,890.5496841466957,1.5003823752628669,57285.87869563898,58176.42837978568,890.5496841466957,22320.14829792034,22414.001447278864,93.85314935852512
Other Civilizations,alpha,0.95,59354.84839260868,59794.89004033469,440.04164772601507,0.7413743942454623,57285.87869563898,57725.920343365,440.04164772601507,22320.14829792034,22366.523357305796,46.37505938545655
Other Civilizations,alpha,1.05,59354.84839260868,58924.91258261689,-429.9358099917881,-0.724348257362118,57285.87869563898,56855.94288564719,-429.9358099917881,22320.14829792034,22274.838271418674,-45.31002650166556
Other Civilizations,alpha,1.1,59354.84839260868,58504.738431962294,-850.1099606463831,-1.4322502435239062,57285.87869563898,56435.7687349926,-850.1099606463831,22320.14829792034,22230.557005566832,-89.59129235350701
Other Civilizations,alpha,1.2,59354.84839260868,57692.37480561994,-1662.4735869887372,-2.800906129844923,57285.87869563898,55623.405108650244,-1662.4735869887372,22320.14829792034,22144.94371962243,-175.20457829790757
Other Civilizations,beta,0.9,59354.84839260868,58872.47053672548,-482.3778558831982,-0.8127016898307293,57285.87869563898,56803.50083975578,-482.3778558831982,22320.14829792034,22073.456471892412,-246.69182602792716
Other Civilizations,beta,0.95,59354.84839260868,59119.05326170071,-235.79513090796536,-0.39726347096074527,57285.87869563898,57050.083564731016,-235.79513090796536,22320.14829792034,22200.880841741713,-119.26745617862616
Other Civilizations,beta,1.05,59354.84839260868,59580.5669064738,225.71851386512571,0.38028656458203325,57285.87869563898,57511.59720950411,225.71851386512571,22320.14829792034,22431.88527494369,111.73697702334903
Other Civilizations,beta,1.1,59354.84839260868,59796.85806309387,442.0096704851894,0.7446900842227269,57285.87869563898,57727.88836612417,442.0096704851894,22320.14829792034,22536.66002703918,216.51172911883987
Other Civilizations,beta,1.2,59354.84839260868,60203.48539550996,848.6370029012833,1.4297686303364596,57285.87869563898,58134.515698540265,848.6370029012833,22320.14829792034,22727.342532876457,407.1942349561177
Other Civilizations,h_D,0.9,59354.84839260868,58883.7691023644,-471.0792902442772,-0.793666066044471,57285.87869563898,56814.799405394704,-471.0792902442772,22320.14829792034,21367.90411818947,-952.2441797308675
Other Civilizations,h_D,0.95,59354.84839260868,59124.1052136502,-230.7431789584807,-0.38875203156481253,57285.87869563898,57055.1355166805,-230.7431789584807,22320.14829792034,21853.72183060124,-466.4264673190992
Other Civilizations,h_D,1.05,59354.84839260868,59576.56174891465,221.71335630597605,0.3735387458821064,57285.87869563898,57507.59205194496,221.71335630597605,22320.14829792034,22768.32179542533,448.17349750499125
Other Civilizations,h_D,1.1,59354.84839260868,59789.765164989774,434.91677238109696,0.7327400948011791,57285.87869563898,57720.79546802008,434.91677238109696,22320.14829792034,23199.29321841231,879.14492049197
Other Civilizations,h_D,1.2,59354.84839260868,60192.529537557035,837.6811449483575,1.4113103944052396,57285.87869563898,58123.55984058734,837.6811449483575,22320.14829792034,24013.444970617915,1693.2966726975756
Other Civilizations,h_A,0.9,59354.84839260868,59314.626510022514,-40.2218825861637,-0.06776511721521378,57285.87869563898,57245.65681305282,-40.2218825861637,22320.14829792034,22188.986615308047,-131.16168261229177
Other Civilizations,h_A,0.95,59354.84839260868,59335.325983079936,-19.522409528741264,-0.0328910106881384,57285.87869563898,57266.35628611024,-19.522409528741264,22320.14829792034,22256.48663124048,-63.66166667985817
Other Civilizations,h_A,1.05,59354.84839260868,59373.29136249806,18.442969889380038,0.03107238985328905,57285.87869563898,57304.32166552836,18.442969889380038,22320.14829792034,22380.28996229608,60.14166437574022
Other Civilizations,h_A,1.1,59354.84839260868,59390.74201136205,35.89361875336908,0.06047293477349499,57285.87869563898,57321.77231439235,35.89361875336908,22320.14829792034,22437.19571410351,117.04741618316984
Other Civilizations,h_A,1.2,59354.84839260868,59422.97033971945,68.12194711077609,0.1147706530394561,57285.87869563898,57354.00064274976,68.12194711077609,22320.14829792034,22542.29078930497,222.14249138463128
Other Civilizations,p_D,0.9,59354.84839260868,59354.84839260871,2.9103830456733704e-11,4.903361940076649e-14,57285.87869563898,57285.87869563901,2.9103830456733704e-11,22320.14829792034,21569.29666532502,-750.8516325953206
Other Civilizations,p_D,0.95,59354.84839260868,59354.84839260871,2.9103830456733704e-11,4.903361940076649e-14,57285.87869563898,57285.87869563901,2.9103830456733704e-11,22320.14829792034,21957.129260562877,-363.01903735746237
Other Civilizations,p_D,1.05,59354.84839260868,59354.84839260869,1.4551915228366852e-11,2.4516809700383244e-14,57285.87869563898,57285.878695638996,1.4551915228366852e-11,22320.14829792034,22660.66131893785,340.5130210175121
Other Civilizations,p_D,1.1,59354.84839260868,59354.84839260868,0.0,0.0,57285.87869563898,57285.87869563898,0.0,22320.14829792034,22980.698347407742,660.5500494874032
Other Civilizations,p_D,1.2,59354.84839260868,59354.84839260871,2.9103830456733704e-11,4.903361940076649e-14,57285.87869563898,57285.87869563901,2.9103830456733704e-11,22320.14829792034,23566.313053256625,1246.1647553362855
Other Civilizations,p_A,0.9,59354.84839260868,59354.848392608685,7.275957614183426e-12,1.2258404850191622e-14,57285.87869563898,57285.87869563899,7.275957614183426e-12,22320.14829792034,22272.145272201677,-48.003025718662684
Other Civilizations,p_A,0.95,59354.84839260868,59354.8483926087,2.1827872842550278e-11,3.6775214550574866e-14,57285.87869563898,57285.878695639,2.1827872842550278e-11,22320.14829792034,22296.827575169496,-23.320722750842833
Other Civilizations,p_A,1.05,59354.84839260868,59354.84839260866,-1.4551915228366852e-11,-2.4516809700383244e-14,57285.87869563898,57285.87869563897,-1.4551915228366852e-11,22320.14829792034,22342.217082090694,22.068784170354775
Other Civilizations,p_A,1.1,59354.84839260868,59354.84839260868,0.0,0.0,57285.87869563898,57285.87869563898,0.0,22320.14829792034,22363.13210513697,42.98380721663125
Other Civilizations,p_A,1.2,59354.84839260868,59354.84839260869,1.4551915228366852e-11,2.4516809700383244e-14,57285.87869563898,57285.878695638996,1.4551915228366852e-11,22320.14829792034,22401.844800371433,81.69650245109369
Other Civilizations,d,0.9,59354.84839260868,66077.98700280162,6723.138610192938,11.327025158453871,57285.87869563898,64009.01730583192,6723.138610192938,22320.14829792034,27088.759927762505,4768.611629842166
Other Civilizations,d,0.95,59354.84839260868,62530.22838812003,3175.37999551135,5.349824119686864,57285.87869563898,60461.25869115033,3175.37999551135,22320.14829792034,24542.49914030056,2222.3508423802195
Other Civilizations,d,1.05,59354.84839260868,56496.57328449772,-2858.27510811096,-4.815571407418327,57285.87869563898,54427.60358752802,-2858.27510811096,22320.14829792034,20369.776360372627,-1950.3719375477122
Other Civilizations,d,1.1,59354.84839260868,53910.436701838604,-5444.411690770074,-9.172648634796367,57285.87869563898,51841.46700486891,-5444.411690770074,22320.14829792034,18649.465660368245,-3670.682637552094
Other Civilizations,d,1.2,59354.84839260868,49413.16668910405,-9941.681703504626,-16.749569702788833,57285.87869563898,47344.196992134355,-9941.681703504626,22320.14829792034,15768.52303753819,-6551.625260382149
Other Western,alpha,0.9,4824.24697299595,4899.055579271984,74.80860627603397,1.5506794468604161,3223.0295816916023,3297.8381879676363,74.80860627603397,2158.3497429579397,2167.5323191525245,9.182576194584726
Other Western,alpha,0.95,4824.24697299595,4861.112348004817,36.86537500886698,0.7641684850552514,3223.0295816916023,3259.8949567004693,36.86537500886698,2158.3497429579397,2162.874878925742,4.525135967802271
Other Western,alpha,1.05,4824.24697299595,4788.414169334203,-35.832803661747676,-0.7427647021871854,3223.0295816916023,3187.1967780298546,-35.832803661747676,2158.3497429579397,2153.951352635369,-4.398390322570776
Other Western,alpha,1.1,4824.24697299595,4753.571153864645,-70.67581913130562,-1.4650124574243049,3223.0295816916023,3152.3537625602967,-70.67581913130562,2158.3497429579397,2149.674456428832,-8.67528652910778
Other Western,alpha,1.2,4824.24697299595,4686.694854958702,-137.55211803724796,-2.851266089966067,3223.0295816916023,3085.4774636543543,-137.55211803724796,2158.3497429579397,2141.4655518537397,-16.8841911042
Other Western,beta,0.9,4824.24697299595,4777.434498057364,-46.81247493858609,-0.9703581761178915,3223.0295816916023,3176.217106753016,-46.81247493858609,2158.3497429579397,2131.3665077292085,-26.983235228731246
Other Western,beta,0.95,4824.24697299595,4801.407733968084,-22.839239027865915,-0.47342599074446445,3223.0295816916023,3200.1903426637364,-22.839239027865915,2158.3497429579397,2145.3172697876216,-13.032473170318099
Other Western,beta,1.05,4824.24697299595,4846.032138091554,21.78516509560359,0.45157648888101143,3223.0295816916023,3244.814746787206,21.78516509560359,2158.3497429579397,2170.5370012135677,12.187258255627967
Other Western,beta,1.1,4824.24697299595,4866.835785536406,42.588812540455365,0.8828074677529806,3223.0295816916023,3265.6183942320577,42.588812540455365,2158.3497429579397,2181.945037900161,23.595294942221244
Other Western,beta,1.2,4824.24697299595,4905.756791721731,81.50981872578086,1.6895863578717591,3223.0295816916023,3304.539400417383,81.50981872578086,2158.3497429579397,2202.6568016498118,44.307058691872044
Other Western,h_D,0.9,4824.24697299595,4772.461403035193,-51.78556996075713,-1.0734435913134293,3223.0295816916023,3171.244011730845,-51.78556996075713,2158.3497429579397,2096.662676471297,-61.687066486642834
Other Western,h_D,0.95,4824.24697299595,4798.998141129963,-25.248831865987086,-0.5233735338866177,3223.0295816916023,3197.780749825615,-25.248831865987086,2158.3497429579397,2128.273287852638,-30.076455105301648
Other Western,h_D,1.05,4824.24697299595,4848.299436175819,24.052463179868937,0.49857445762010594,3223.0295816916023,3247.082044871471,24.052463179868937,2158.3497429579397,2187.001081476921,28.651338518981447
Other Western,h_D,1.1,4824.24697299595,4871.23859430184,46.991621305889566,0.9740716337477818,3223.0295816916023,3270.021202997492,46.991621305889566,2158.3497429579397,2214.326248961603,55.97650600366342
Other Western,h_D,1.2,4824.24697299595,4914.072503512269,89.8255305163184,1.8619596181356985,3223.0295816916023,3312.8551122079207,89.8255305163184,2158.3497429579397,2265.3500806457755,107.00033768783578
Other Western,h_A,0.9,4824.24697299595,4820.3499771910665,-3.8969958048837725,-0.08077935948755259,3223.0295816916023,3219.1325858867185,-3.8969958048837725,2158.3497429579397,2148.388038759772,-9.961704198167808
Other Western,h_A,0.95,4824.24697299595,4822.370420663086,-1.8765523328638665,-0.03889834710718575,3223.0295816916023,3221.1530293587384,-1.8765523328638665,2158.3497429579397,2153.5528018811906,-4.796941076749135
Other Western,h_A,1.05,4824.24697299595,4825.994477026849,1.7475040308991083,0.036223353420355146,3223.0295816916023,3224.7770857225014,1.7475040308991083,2158.3497429579397,2162.816804025627,4.467061067687155
Other Western,h_A,1.1,4824.24697299595,4827.625802004665,3.3788290087150017,0.07003847497087579,3223.0295816916023,3226.4084107003173,3.3788290087150017,2158.3497429579397,2166.9868821303326,8.637139172392835
Other Western,h_A,1.2,4824.24697299595,4830.583369310525,6.336396314574813,0.13134477463619132,3223.0295816916023,3229.365978006177,6.336396314574813,2158.3497429579397,2174.547170137372,16.197427179432452
Other Western,p_D,0.9,4824.24697299595,4824.246972995952,1.8189894035458565e-12,3.770514680794273e-14,3223.0295816916023,3223.029581691604,1.8189894035458565e-12,2158.3497429579397,2077.6067557520096,-80.74298720593015
Other Western,p_D,0.95,4824.24697299595,4824.24697299595,0.0,0.0,3223.0295816916023,3223.0295816916023,0.0,2158.3497429579397,2119.1769505466027,-39.172792411337014
Other Western,p_D,1.05,4824.24697299595,4824.246972995949,-9.094947017729282e-13,-1.8852573403971366e-14,3223.0295816916023,3223.0295816916014,-9.094947017729282e-13,2158.3497429579397,2195.3267118924196,36.97696893447983
Other Western,p_D,1.1,4824.24697299595,4824.24697299595,0.0,0.0,3223.0295816916023,3223.0295816916023,0.0,2158.3497429579397,2230.287453442662,71.93771048472217
Other Western,p_D,1.2,4824.24697299595,4824.246972995949,-9.094947017729282e-13,-1.8852573403971366e-14,3223.0295816916023,3223.0295816916014,-9.094947017729282e-13,2158.3497429579397,2294.7857747245507,136.436031766611
Other Western,p_A,0.9,4824.24697299595,4824.24697299595,0.0,0.0,3223.0295816916023,3223.0295816916023,0.0,2158.3497429579397,2151.2408054199327,-7.108937538007012
Other Western,p_A,0.95,4824.24697299595,4824.246972995951,9.094947017729282e-13,1.8852573403971366e-14,3223.0295816916023,3223.029581691603,9.094947017729282e-13,2158.3497429579397,2154.8977915708797,-3.451951387060035
Other Western,p_A,1.05,4824.24697299595,4824.246972995948,-1.8189894035458565e-12,-3.770514680794273e-14,3223.0295816916023,3223.0295816916005,-1.8189894035458565e-12,2158.3497429579397,2161.6134327749805,3.263689817040813
Other Western,p_A,1.1,4824.24697299595,4824.24697299595,0.0,0.0,3223.0295816916023,3223.0295816916023,0.0,2158.3497429579397,2164.703853237509,6.3541102795693405
Other Western,p_A,1.2,4824.24697299595,4824.246972995948,-1.8189894035458565e-12,-3.770514680794273e-14,3223.0295816916023,3223.0295816916005,-1.8189894035458565e-12,2158.3497429579397,2170.4172968511675,12.067553893227796
Other Western,d,0.9,4824.24697299595,5391.540624121091,567.293651125141,11.759216605215398,3223.0295816916023,3790.3232328167433,567.293651125141,2158.3497429579397,2595.2735843947303,436.92384143679055
Other Western,d,0.95,4824.24697299595,5092.058573527649,267.8116005316988,5.551365882194514,3223.0295816916023,3490.841182223301,267.8116005316988,2158.3497429579397,2362.5083853131,204.15864235516028
Other Western,d,1.05,4824.24697299595,4583.4256686544395,-240.82130434151077,-4.991894189694772,3223.0295816916023,2982.2082773500915,-240.82130434151077,2158.3497429579397,1978.3197399211415,-180.03000303679823
Other Western,d,1.1,4824.24697299595,4365.78149091315,-458.4654820828,-9.503358444314555,3223.0295816916023,2764.5640996088023,-458.4654820828,2158.3497429579397,1818.7903189071405,-339.5594240507992
Other Western,d,1.2,4824.24697299595,3988.0122493379486,-836.2347236580017,-17.333994887469117,3223.0295816916023,2386.7948580336006,-836.2347236580017,2158.3497429579397,1549.8860934660122,-608.4636494919275
Sinic,alpha,0.9,303934.77257208456,306304.6369332089,2369.864361124346,0.7797279465817892,300805.34551638167,303175.209877506,2369.864361124346,133112.6730696065,132923.90513379837,-188.76793580813683
Sinic,alpha,0.95,303934.77257208456,305109.4818637197,1174.7092916351394,0.3865004591919578,300805.34551638167,301980.0548080168,1174.7092916351394,133112.6730696065,133019.10339034797,-93.56967925853678
Sinic,alpha,1.05,303934.77257208456,302779.9888523846,-1154.7837196999462,-0.37994458808626935,300805.34551638167,299650.5617966817,-1154.7837196999462,133112.6730696065,133204.65560778393,91.98253817742807
Sinic,alpha,1.1,303934.77257208456,301644.62799789105,-2290.1445741935167,-0.7534987046111549,300805.34551638167,298515.20094218815,-2290.1445741935167,133112.6730696065,133295.09104721918,182.41797761266935
Sinic,alpha,1.2,303934.77257208456,299430.2472116697,-4504.525360414875,-1.482069761973856,300805.34551638167,296300.8201559668,-4504.525360414875,133112.6730696065,133471.47417570758,358.8011061010766
Sinic,beta,0.9,303934.77257208456,302123.5362810344,-1811.2362910501543,-0.595929276443873,300805.34551638167,298994.1092253315,-1811.2362910501543,133112.6730696065,132378.85863785012,-733.8144317563856
Sinic,beta,0.95,303934.77257208456,303058.8599293142,-875.9126427703886,-0.2881909941919026,300805.34551638167,299929.4328736113,-875.9126427703886,133112.6730696065,132766.24101391714,-346.43205568936537
Sinic,beta,1.05,303934.77257208456,304756.8624324281,822.0898603435489,0.27048233191171733,300805.34551638167,301627.4353767252,822.0898603435489,133112.6730696065,133422.8365301125,310.16346050598077
Sinic,beta,1.1,303934.77257208456,305530.0333477718,1595.2607756872312,0.5248694521482834,300805.34551638167,302400.6062920689,1595.2607756872312,133112.6730696065,133700.78663191682,588.1135623103182
Sinic,beta,1.2,303934.77257208456,306946.40568177646,3011.633109691902,0.9908813934666293,300805.34551638167,303816.9786260736,3011.633109691902,133112.6730696065,134173.70246559748,1061.029395990976
Sinic,h_D,0.9,303934.77257208456,302578.4197708763,-1356.352801208268,-0.4462644368493836,300805.34551638167,299448.9927151734,-1356.352801208268,133112.6730696065,128165.58304919131,-4947.0900204151985
Sinic,h_D,0.95,303934.77257208456,303272.5776013229,-662.1949707616586,-0.21787404091929136,300805.34551638167,300143.15054562,-662.1949707616586,133112.6730696065,130697.4178878381,-2415.2551817684
Sinic,h_D,1.05,303934.77257208456,304567.1626213074,632.3900492228568,0.20806768632334494,300805.34551638167,301437.7355656045,632.3900492228568,133112.6730696065,135419.21934483375,2306.5462752272433
Sinic,h_D,1.1,303934.77257208456,305171.71570804727,1236.9431359627051,0.4069765119321245,300805.34551638167,302042.2886523444,1236.9431359627051,133112.6730696065,137624.23454409296,4511.561474486458
Sinic,h_D,1.2,303934.77257208456,306304.35308535723,2369.5805132726673,0.7796345555396006,300805.34551638167,303174.92602965434,2369.5805132726673,133112.6730696065,141755.35666884412,8642.683599237615
Sinic,h_A,0.9,303934.77257208456,303815.2947659806,-119.47780610393966,-0.03931034448373391,300805.34551638167,300685.86771027773,-119.47780610393966,133112.6730696065,132467.2949905611,-645.3780790454184
Sinic,h_A,0.95,303934.77257208456,303876.80691931606,-57.96565276850015,-0.01907174104429014,300805.34551638167,300747.37986361317,-57.96565276850015,133112.6730696065,132799.5625191689,-313.11055043761735
Sinic,h_A,1.05,303934.77257208456,303989.4898419927,54.71726990811294,0.01800296472991934,300805.34551638167,300860.0627862898,54.71726990811294,133112.6730696065,133408.23697135088,295.56390174437547
Sinic,h_A,1.1,303934.77257208456,304041.22434454993,106.4517724653706,0.035024545419568044,300805.34551638167,300911.79728884704,106.4517724653706,133112.6730696065,133687.68898816864,575.0159185621305
Sinic,h_A,1.2,303934.77257208456,304136.67020137096,201.8976292863954,0.0664279468840674,300805.34551638167,301007.24314566806,201.8976292863954,133112.6730696065,134203.25472993084,1090.5816603243293
Sinic,p_D,0.9,303934.77257208456,303934.7725720845,-5.820766091346741e-11,-1.9151366071370536e-14,300805.34551638167,300805.3455163816,-5.820766091346741e-11,133112.6730696065,129410.18948005135,-3702.4835895551514
Sinic,p_D,0.95,303934.77257208456,303934.77257208445,-1.1641532182693481e-10,-3.830273214274107e-14,300805.34551638167,300805.34551638155,-1.1641532182693481e-10,133112.6730696065,131329.52721515042,-1783.1458544560883
Sinic,p_D,1.05,303934.77257208456,303934.7725720845,-5.820766091346741e-11,-1.9151366071370536e-14,300805.34551638167,300805.3455163816,-5.820766091346741e-11,133112.6730696065,134773.62617349048,1660.9531038839777
Sinic,p_D,1.1,303934.77257208456,303934.77257208445,-1.1641532182693481e-10,-3.830273214274107e-14,300805.34551638167,300805.34551638155,-1.1641532182693481e-10,133112.6730696065,136324.53059447277,3211.8575248662673
Sinic,p_D,1.2,303934.77257208456,303934.77257208456,0.0,0.0,300805.34551638167,300805.34551638167,0.0,133112.6730696065,139137.22342857852,6024.550358972017
Sinic,p_A,0.9,303934.77257208456,303934.77257208456,0.0,0.0,300805.34551638167,300805.34551638167,0.0,133112.6730696065,132893.16695130177,-219.50611830473645
Sinic,p_A,0.95,303934.77257208456,303934.77257208445,-1.1641532182693481e-10,-3.830273214274107e-14,300805.34551638167,300805.34551638155,-1.1641532182693481e-10,133112.6730696065,133005.79897613684,-106.87409346966888
Sinic,p_A,1.05,303934.77257208456,303934.77257208456,0.0,0.0,300805.34551638167,300805.34551638167,0.0,133112.6730696065,133214.21975923184,101.5466896253347
Sinic,p_A,1.1,303934.77257208456,303934.7725720846,5.820766091346741e-11,1.9151366071370536e-14,300805.34551638167,300805.3455163817,5.820766091346741e-11,133112.6730696065,133310.82769486136,198.15462525485782
Sinic,p_A,1.2,303934.77257208456,303934.77257208456,0.0,0.0,300805.34551638167,300805.34551638167,0.0,133112.6730696065,133490.60164921897,377.92857961246045
Sinic,d,0.9,303934.77257208456,338673.9356966226,34739.16312453803,11.42980871538774,300805.34551638167,335544.5086409197,34739.16312453803,133112.6730696065,159439.36125242387,26326.688182817365
Sinic,d,0.95,303934.77257208456,320363.47413761803,16428.70156553347,5.40533793698681,300805.34551638167,317234.04708191514,16428.70156553347,133112.6730696065,145430.42891598673,12317.755846380227
Sinic,d,1.05,303934.77257208456,289114.7113603516,-14820.061211732973,-4.876066363291184,300805.34551638167,285985.2843046487,-14820.061211732973,133112.6730696065,122224.91802994686,-10887.755039659649
Sinic,d,1.1,303934.77257208456,275680.23101627117,-28254.541555813397,-9.296251730825645,300805.34551638167,272550.8039605683,-28254.541555813397,133112.6730696065,112555.09451726837,-20557.578552338135
Sinic,d,1.2,303934.77257208456,252263.2606786787,-51671.51189340587,-17.000855629689713,300805.34551638167,249133.83362297577,-51671.5118934059,133112.6730696065,96204.22221453908,-36908.45085506742
United States,alpha,0.9,147066.6107041606,149165.11154139086,2098.500837230269,1.4269050107176378,145222.5469228394,147321.04776006966,2098.500837230269,63928.23134565001,64497.703872235674,569.4725265856614
United States,alpha,0.95,147066.6107041606,148105.52145627668,1038.9107521160913,0.706421904429392,145222.5469228394,146261.45767495548,1038.9107521160913,63928.23134565001,64210.161722044555,281.9303763945427
United States,alpha,1.05,147066.6107041606,146047.77975762624,-1018.8309465343482,-0.6927683596270741,145222.5469228394,144203.71597630504,-1018.8309465343482,63928.23134565001,63651.75004862448,-276.4812970255298
United States,alpha,1.1,147066.6107041606,145048.45204247013,-2018.1586616904533,-1.3722752241500855,145222.5469228394,143204.38826114894,-2018.1586616904533,63928.23134565001,63380.56136537949,-547.6699802705189
United States,alpha,1.2,147066.6107041606,143106.10830852494,-3960.5023956356454,-2.6929990272248796,145222.5469228394,141262.04452720375,-3960.5023956356454,63928.23134565001,62853.465367110795,-1074.765978539217
United States,beta,0.9,147066.6107041606,146271.9327859945,-794.6779181660968,-0.5403523711882312,145222.5469228394,144427.8690046733,-794.6779181660968,63928.23134565001,63404.20818697642,-524.0231586735899
United States,beta,0.95,147066.6107041606,146675.6518153471,-390.9588888134749,-0.26583796753154826,145222.5469228394,144831.58803402592,-390.9588888134749,63928.23134565001,63671.67233605642,-256.5590095935913
United States,beta,1.05,147066.6107041606,147445.41264192024,378.8019377596502,0.2575716785379985,145222.5469228394,145601.34886059904,378.8019377596502,63928.23134565001,64174.45183884341,246.22049319339567
United States,beta,1.1,147066.6107041606,147812.62326199966,746.0125578390725,0.5072616784103038,145222.5469228394,145968.55948067846,746.0125578390725,63928.23134565001,64410.86382104863,482.63247539861914
United States,beta,1.2,147066.6107041606,148514.3623253189,1447.751621158328,0.9844189746581072,145222.5469228394,146670.29854399772,1447.751621158328,63928.23134565001,64856.21603260898,927.9846869589674
United States,h_D,0.9,147066.6107041606,145606.67047012624,-1459.9402340343513,-0.9927067925507369,145222.5469228394,143762.60668880504,-1459.9402340343513,63928.23134565001,61549.76298876393,-2378.4683568860855
United States,h_D,0.95,147066.6107041606,146356.90534041973,-709.7053637408535,-0.4825740936999615,145222.5469228394,144512.84155909854,-709.7053637408535,63928.23134565001,62772.01158334835,-1156.2197623016618
United States,h_D,1.05,147066.6107041606,147738.98443617782,672.3737320172368,0.457189928290239,145222.5469228394,145894.92065485663,672.3737320172368,63928.23134565001,65023.63210817653,1095.4007625265149
United States,h_D,1.1,147066.6107041606,148376.89660622342,1310.2859020628384,0.8909472352624019,145222.5469228394,146532.83282490223,1310.2859020628384,63928.23134565001,66062.88965828401,2134.6583126339974
United States,h_D,1.2,147066.6107041606,149559.41724472737,2492.8065405667876,1.6950186916194874,145222.5469228394,147715.35346340618,2492.8065405667876,63928.23134565001,67989.39860329348,4061.167257643465
United States,h_A,0.9,147066.6107041606,147023.9899074781,-42.62079668248771,-0.028980607140137175,145222.5469228394,145179.9261261569,-42.62079668248771,63928.23134565001,63790.69693807005,-137.53440757996577
United States,h_A,0.95,147066.6107041606,147046.05682348576,-20.55388067482272,-0.013975898796069312,145222.5469228394,145201.99304216457,-20.55388067482272,63928.23134565001,63861.90537283591,-66.32597281410563
United States,h_A,1.05,147066.6107041606,147085.80200512306,19.19130096246954,0.013049393652699857,145222.5469228394,145241.73822380186,19.19130096246954,63928.23134565001,63990.16036655104,61.92902090102871
United States,h_A,1.1,147066.6107041606,147103.76187366998,37.151169509394094,0.02526145760177165,145222.5469228394,145259.6980923488,37.151169509394094,63928.23134565001,64048.11563893155,119.8842932815387
United States,h_A,1.2,147066.6107041606,147136.43282463393,69.82212047334178,0.0474765279073413,145222.5469228394,145292.36904331273,69.82212047334178,63928.23134565001,64153.54257215829,225.31122650827456
United States,p_D,0.9,147066.6107041606,147066.6107041606,0.0,0.0,145222.5469228394,145222.5469228394,0.0,63928.23134565001,61488.16128647523,-2440.070059174781
United States,p_D,0.95,147066.6107041606,147066.6107041606,0.0,0.0,145222.5469228394,145222.5469228394,0.0,63928.23134565001,62746.68031119623,-1181.5510344537834
United States,p_D,1.05,147066.6107041606,147066.6107041606,0.0,0.0,145222.5469228394,145222.5469228394,0.0,63928.23134565001,65039.66565167075,1111.4343060207393
United States,p_D,1.1,147066.6107041606,147066.61070416062,2.9103830456733704e-11,1.978955679836738e-14,145222.5469228394,145222.54692283942,2.9103830456733704e-11,63928.23134565001,66087.04477490918,2158.8134292591712
United States,p_D,1.2,147066.6107041606,147066.6107041606,0.0,0.0,145222.5469228394,145222.5469228394,0.0,63928.23134565001,68010.58057706704,4082.349231417029
United States,p_A,0.9,147066.6107041606,147066.61070416056,-2.9103830456733704e-11,-1.978955679836738e-14,145222.5469228394,145222.54692283936,-2.9103830456733704e-11,63928.23134565001,63848.2037963999,-80.02754925010959
United States,p_A,0.95,147066.6107041606,147066.6107041606,0.0,0.0,145222.5469228394,145222.5469228394,0.0,63928.23134565001,63889.47459946615,-38.75674618386256
United States,p_A,1.05,147066.6107041606,147066.61070416056,-2.9103830456733704e-11,-1.978955679836738e-14,145222.5469228394,145222.54692283936,-2.9103830456733704e-11,63928.23134565001,63964.696964799434,36.4656191494214
United States,p_A,1.1,147066.6107041606,147066.6107041606,0.0,0.0,145222.5469228394,145222.5469228394,0.0,63928.23134565001,63999.06878620919,70.83744055917487
United States,p_A,1.2,147066.6107041606,147066.61070416056,-2.9103830456733704e-11,-1.978955679836738e-14,145222.5469228394,145222.54692283936,-2.9103830456733704e-11,63928.23134565001,64062.21320208623,133.981856436214
United States,d,0.9,147066.6107041606,163626.97763689928,16560.36693273869,11.26045324186572,145222.5469228394,161782.91385557808,16560.36693273869,63928.23134565001,76559.63071245038,12631.399366800368
United States,d,0.95,147066.6107041606,154893.12814595376,7826.51744179317,5.321750058915144,145222.5469228394,153049.06436463256,7826.51744179317,63928.23134565001,69833.85002553133,5905.618679881314
United States,d,1.05,147066.6107041606,140013.65443281527,-7052.95627134532,-4.795756315845924,145222.5469228394,138169.59065149407,-7052.95627134532,63928.23134565001,58714.42023904296,-5213.811106607056
United States,d,1.1,147066.6107041606,133625.36218653637,-13441.248517624219,-9.139565026532537,145222.5469228394,131781.29840521517,-13441.248517624219,63928.23134565001,54088.50426653048,-9839.727079119533
United States,d,1.2,147066.6107041606,122499.98807006753,-24566.62263409306,-16.704418845628606,145222.5469228394,120655.92428874635,-24566.622634093044,63928.23134565001,46275.601157654775,-17652.630187995237
Other Western,package:retention,,4824.24697299595,5440.005697002423,615.7587240064731,12.763830862168218,3223.0295816916023,3838.7883056980754,615.7587240064731,2158.3497429579397,2622.9784851290533,464.6287421711136
Other Western,package:pi_pipeline,,4824.24697299595,4871.23859430184,46.991621305889566,0.9740716337477818,3223.0295816916023,3270.021202997492,46.991621305889566,2158.3497429579397,2289.172611109083,130.8228681511432
Other Western,package:return_plus_retention,,4824.24697299595,5440.005697002423,615.7587240064731,12.763830862168218,3223.0295816916023,3838.7883056980754,615.7587240064731,2158.3497429579397,2704.264429693409,545.9146867354693
Japanese,package:retention,,29331.82882692992,32701.02068752602,3369.1918605961,11.486470483909283,27539.18176810639,30908.37362870249,3369.1918605961,7370.441899161956,9210.811762300318,1840.3698631383622
Japanese,package:pi_pipeline,,29331.82882692992,29490.420738755365,158.591911825446,0.5406819764331939,27539.18176810639,27697.773679931837,158.591911825446,7370.441899161956,8042.471095679238,672.0291965172819
Japanese,package:return_plus_retention,,29331.82882692992,32701.020687526026,3369.1918605961073,11.48647048390931,27539.18176810639,30908.3736287025,3369.1918605961073,7370.441899161956,9549.568530747549,2179.126631585593
Hindu,package:retention,,53434.34853852232,59970.533995787526,6536.185457265208,12.23217955497874,51185.478973304926,57721.664430570134,6536.185457265208,30254.36495078349,35826.200267776185,5571.835316992696
Hindu,package:pi_pipeline,,53434.34853852232,53758.70388442022,324.3553458979004,0.6070165628838229,51185.478973304926,51509.834319202826,324.3553458979004,30254.36495078349,31670.103470397684,1415.738519614195
Hindu,package:return_plus_retention,,53434.34853852232,59970.5339957875,6536.185457265179,12.232179554978686,51185.478973304926,57721.664430570105,6536.185457265179,30254.36495078349,36475.15169245723,6220.786741673739
