group,lever,direction,lever_change_pct,margin_gain,normalised_margin_gain_per_10pct
Anglosphere ex-US,d,decrease,-9.999999999999998,7659.7305129153465,7659.730512915348
Anglosphere ex-US,d,decrease,-5.000000000000004,3617.4540692997325,7234.908138599459
Anglosphere ex-US,alpha,decrease,-9.999999999999998,1173.8169580400572,1173.8169580400574
Anglosphere ex-US,alpha,decrease,-5.000000000000004,579.6033510767738,1159.2067021535465
Anglosphere ex-US,h_D,increase,5.000000000000004,368.8047797470499,737.6095594940991
Anglosphere ex-US,h_D,increase,10.000000000000009,720.1169752618443,720.1169752618437
Anglosphere ex-US,h_D,increase,19.999999999999996,1375.0162813319257,687.508140665963
Anglosphere ex-US,beta,increase,5.000000000000004,226.94877803057898,453.89755606115756
Anglosphere ex-US,beta,increase,10.000000000000009,446.8158140792948,446.8158140792944
Anglosphere ex-US,beta,increase,19.999999999999996,866.6084531894448,433.30422659472254
Anglosphere ex-US,h_A,increase,5.000000000000004,13.974411885021254,27.948823770042484
Anglosphere ex-US,h_A,increase,10.000000000000009,27.01857718442625,27.018577184426224
Anglosphere ex-US,h_A,increase,19.999999999999996,50.66452570739784,25.33226285369893
Anglosphere ex-US,p_D,decrease,-9.999999999999998,0.0,0.0
Anglosphere ex-US,p_D,increase,19.999999999999996,0.0,0.0
Anglosphere ex-US,p_A,decrease,-9.999999999999998,0.0,0.0
Anglosphere ex-US,p_A,increase,19.999999999999996,0.0,0.0
Anglosphere ex-US,p_A,increase,10.000000000000009,-1.4551915228366852e-11,-1.4551915228366839e-11
Anglosphere ex-US,p_D,decrease,-5.000000000000004,-1.4551915228366852e-11,-2.9103830456733678e-11
Anglosphere ex-US,p_D,increase,10.000000000000009,-2.9103830456733704e-11,-2.9103830456733678e-11
Anglosphere ex-US,p_A,decrease,-5.000000000000004,-1.4551915228366852e-11,-2.9103830456733678e-11
Anglosphere ex-US,p_A,increase,5.000000000000004,-1.4551915228366852e-11,-2.9103830456733678e-11
Anglosphere ex-US,p_D,increase,5.000000000000004,-2.9103830456733704e-11,-5.8207660913467356e-11
Anglosphere ex-US,h_A,decrease,-5.000000000000004,-15.007849004890886,-30.015698009781744
Anglosphere ex-US,h_A,decrease,-9.999999999999998,-31.16817398587591,-31.168173985875917
Anglosphere ex-US,beta,decrease,-5.000000000000004,-234.38365197204985,-468.7673039440993
Anglosphere ex-US,beta,decrease,-9.999999999999998,-476.5792720994068,-476.5792720994069
Anglosphere ex-US,h_D,decrease,-5.000000000000004,-387.63721056099166,-775.2744211219826
Anglosphere ex-US,h_D,decrease,-9.999999999999998,-795.5871179442183,-795.5871179442186
Anglosphere ex-US,alpha,increase,19.999999999999996,-2182.5826401981903,-1091.2913200990954
Anglosphere ex-US,alpha,increase,10.000000000000009,-1117.4795929417742,-1117.4795929417733
Anglosphere ex-US,alpha,increase,5.000000000000004,-565.5253967578901,-1131.0507935157793
Anglosphere ex-US,d,increase,19.999999999999996,-11322.55132202286,-5661.275661011431
Anglosphere ex-US,d,increase,10.000000000000009,-6201.235408432432,-6201.235408432427
Anglosphere ex-US,d,increase,5.000000000000004,-3255.7812725065596,-6511.562545013114
Continental Europe,d,decrease,-9.999999999999998,22093.135256634443,22093.135256634447
Continental Europe,d,decrease,-5.000000000000004,10446.746992513421,20893.493985026824
Continental Europe,alpha,decrease,-9.999999999999998,1864.223704136035,1864.2237041360354
Continental Europe,alpha,decrease,-5.000000000000004,925.0277406712412,1850.0554813424808
Continental Europe,h_D,increase,5.000000000000004,585.8730792670103,1171.7461585340195
Continental Europe,h_D,increase,10.000000000000009,1140.8352435424458,1140.835243542445
Continental Europe,h_D,increase,19.999999999999996,2167.3216662307386,1083.6608331153695
Continental Europe,beta,increase,5.000000000000004,440.66727018909296,881.3345403781851
Continental Europe,beta,increase,10.000000000000009,863.0893241779413,863.0893241779405
Continental Europe,beta,increase,19.999999999999996,1657.597309578181,828.7986547890907
Continental Europe,h_A,increase,5.000000000000004,18.529962369881105,37.059924739762174
Continental Europe,h_A,increase,10.000000000000009,35.89486992970342,35.89486992970339
Continental Europe,h_A,increase,19.999999999999996,67.54303212743253,33.77151606371627
Continental Europe,p_D,increase,5.000000000000004,2.9103830456733704e-11,5.8207660913467356e-11
Continental Europe,p_A,increase,5.000000000000004,2.9103830456733704e-11,5.8207660913467356e-11
Continental Europe,p_D,decrease,-9.999999999999998,0.0,0.0
Continental Europe,p_D,decrease,-5.000000000000004,0.0,0.0
Continental Europe,p_D,increase,19.999999999999996,0.0,0.0
Continental Europe,p_A,decrease,-5.000000000000004,0.0,0.0
Continental Europe,p_A,increase,10.000000000000009,0.0,0.0
Continental Europe,p_A,increase,19.999999999999996,-2.9103830456733704e-11,-1.4551915228366855e-11
Continental Europe,p_D,increase,10.000000000000009,-5.820766091346741e-11,-5.8207660913467356e-11
Continental Europe,p_A,decrease,-9.999999999999998,-8.731149137020111e-11,-8.731149137020114e-11
Continental Europe,h_A,decrease,-5.000000000000004,-19.816336626099655,-39.632673252199275
Continental Europe,h_A,decrease,-9.999999999999998,-41.05781696556369,-41.057816965563696
Continental Europe,beta,decrease,-5.000000000000004,-460.13570120511577,-920.2714024102307
Continental Europe,beta,decrease,-9.999999999999998,-941.0753120291338,-941.075312029134
Continental Europe,h_D,decrease,-5.000000000000004,-619.4405451049679,-1238.8810902099347
Continental Europe,h_D,decrease,-9.999999999999998,-1275.418497683684,-1275.4184976836843
Continental Europe,alpha,increase,19.999999999999996,-3564.652977014077,-1782.326488507039
Continental Europe,alpha,increase,10.000000000000009,-1808.8141614700435,-1808.8141614700419
Continental Europe,alpha,increase,5.000000000000004,-911.1777194477618,-1822.355438895522
Continental Europe,d,increase,19.999999999999996,-32848.754941857944,-16424.377470928976
Continental Europe,d,increase,10.000000000000009,-17962.594542578503,-17962.59454257849
Continental Europe,d,increase,5.000000000000004,-9422.176325096807,-18844.352650193596
Hindu,d,decrease,-9.999999999999998,6184.213709968171,6184.213709968173
Hindu,d,decrease,-5.000000000000004,2923.611290585919,5847.222581171833
Hindu,alpha,decrease,-9.999999999999998,504.5959705942514,504.5959705942515
Hindu,alpha,decrease,-5.000000000000004,249.78767253021942,499.5753450604384
Hindu,h_D,increase,5.000000000000004,166.56261419699877,333.12522839399725
Hindu,h_D,increase,10.000000000000009,324.3553458979004,324.3553458979001
Hindu,beta,increase,5.000000000000004,162.0958519489359,324.1917038978715
Hindu,beta,increase,10.000000000000009,315.4752125276282,315.4752125276279
Hindu,h_D,increase,19.999999999999996,616.2631042219145,308.13155211095733
Hindu,beta,increase,19.999999999999996,598.7898305053677,299.3949152526839
Hindu,h_A,increase,5.000000000000004,9.653424161078874,19.30684832215773
Hindu,h_A,increase,10.000000000000009,18.686856577223807,18.68685657722379
Hindu,h_A,increase,19.999999999999996,35.11824196107045,17.55912098053523
Hindu,p_D,increase,5.000000000000004,0.0,0.0
Hindu,p_A,increase,5.000000000000004,0.0,0.0
Hindu,p_A,increase,19.999999999999996,-7.275957614183426e-12,-3.637978807091714e-12
Hindu,p_D,increase,19.999999999999996,-1.4551915228366852e-11,-7.275957614183428e-12
Hindu,p_A,decrease,-9.999999999999998,-7.275957614183426e-12,-7.275957614183428e-12
Hindu,p_D,increase,10.000000000000009,-1.4551915228366852e-11,-1.4551915228366839e-11
Hindu,p_A,increase,10.000000000000009,-1.4551915228366852e-11,-1.4551915228366839e-11
Hindu,p_D,decrease,-9.999999999999998,-2.1827872842550278e-11,-2.1827872842550284e-11
Hindu,p_A,decrease,-5.000000000000004,-1.4551915228366852e-11,-2.9103830456733678e-11
Hindu,p_D,decrease,-5.000000000000004,-2.1827872842550278e-11,-4.3655745685100517e-11
Hindu,h_A,decrease,-5.000000000000004,-10.339511950063752,-20.679023900127486
Hindu,h_A,decrease,-9.999999999999998,-21.440949051378993,-21.440949051378997
Hindu,beta,decrease,-5.000000000000004,-171.5896445944163,-343.17928918883234
Hindu,h_D,decrease,-5.000000000000004,-176.08452016043157,-352.1690403208628
Hindu,beta,decrease,-9.999999999999998,-353.54608364649175,-353.5460836464918
Hindu,h_D,decrease,-9.999999999999998,-362.5314817815088,-362.53148178150883
Hindu,alpha,increase,19.999999999999996,-951.7996422956057,-475.899821147803
Hindu,alpha,increase,10.000000000000009,-485.09554408935946,-485.095544089359
Hindu,alpha,increase,5.000000000000004,-244.91398553691397,-489.8279710738275
Hindu,d,increase,19.999999999999996,-9180.995167959525,-4590.4975839797635
Hindu,d,increase,10.000000000000009,-5023.255875523959,-5023.255875523954
Hindu,d,increase,5.000000000000004,-2635.6179995734783,-5271.235999146952
Islamic,d,decrease,-9.999999999999998,10238.867033061106,10238.867033061108
Islamic,d,decrease,-5.000000000000004,4839.395893583336,9678.791787166663
Islamic,alpha,decrease,-9.999999999999998,917.7122800642392,917.7122800642394
Islamic,alpha,decrease,-5.000000000000004,454.11882393673295,908.2376478734651
Islamic,beta,increase,5.000000000000004,288.5385300138005,577.0770600276004
Islamic,h_D,increase,5.000000000000004,286.98797677099355,573.9759535419867
Islamic,beta,increase,10.000000000000009,561.9218137000134,561.921813700013
Islamic,h_D,increase,10.000000000000009,559.7580866217613,559.7580866217609
Islamic,beta,increase,19.999999999999996,1067.8401301845151,533.9200650922577
Islamic,h_D,increase,19.999999999999996,1066.6714748435625,533.3357374217813
Islamic,h_A,increase,5.000000000000004,19.700296155933756,39.40059231186748
Islamic,h_A,increase,10.000000000000009,38.213362386319204,38.21336238631917
Islamic,h_A,increase,19.999999999999996,72.0826921472617,36.041346073630855
Islamic,p_D,increase,19.999999999999996,0.0,0.0
Islamic,p_A,decrease,-9.999999999999998,0.0,0.0
Islamic,p_A,increase,5.000000000000004,0.0,0.0
Islamic,p_A,increase,10.000000000000009,0.0,0.0
Islamic,p_A,increase,19.999999999999996,-2.9103830456733704e-11,-1.4551915228366855e-11
Islamic,p_D,increase,10.000000000000009,-2.9103830456733704e-11,-2.9103830456733678e-11
Islamic,p_D,decrease,-9.999999999999998,-4.3655745685100555e-11,-4.365574568510057e-11
Islamic,p_D,decrease,-5.000000000000004,-2.9103830456733704e-11,-5.8207660913467356e-11
Islamic,p_A,decrease,-5.000000000000004,-2.9103830456733704e-11,-5.8207660913467356e-11
Islamic,p_D,increase,5.000000000000004,-4.3655745685100555e-11,-8.731149137020103e-11
Islamic,h_A,decrease,-5.000000000000004,-21.005513642186997,-42.01102728437396
Islamic,h_A,decrease,-9.999999999999998,-43.450402213144116,-43.45040221314412
Islamic,h_D,decrease,-5.000000000000004,-302.34722841953044,-604.6944568390603
Islamic,beta,decrease,-5.000000000000004,-305.01722109573893,-610.0344421914773
Islamic,h_D,decrease,-9.999999999999998,-621.3206234065001,-621.3206234065002
Islamic,beta,decrease,-9.999999999999998,-627.9963831162895,-627.9963831162896
Islamic,alpha,increase,19.999999999999996,-1727.3099504871643,-863.6549752435824
Islamic,alpha,increase,10.000000000000009,-880.9523018487525,-880.9523018487517
Islamic,alpha,increase,5.000000000000004,-444.9317085839866,-889.8634171679724
Islamic,d,increase,19.999999999999996,-15184.397097065026,-7592.198548532515
Islamic,d,increase,10.000000000000009,-8310.32918096082,-8310.329180960813
Islamic,d,increase,5.000000000000004,-4361.014131156844,-8722.02826231368
Japanese,d,decrease,-9.999999999999998,3193.820614602042,3193.820614602043
Japanese,d,decrease,-5.000000000000004,1510.4619075417613,3020.92381508352
Japanese,alpha,decrease,-9.999999999999998,398.2271678061843,398.2271678061844
Japanese,alpha,decrease,-5.000000000000004,197.31392418445103,394.6278483689017
Japanese,h_D,increase,5.000000000000004,80.6380277812168,161.27605556243347
Japanese,h_D,increase,10.000000000000009,158.59191182544964,158.5919118254495
Japanese,h_D,increase,19.999999999999996,306.966051379517,153.48302568975853
Japanese,beta,increase,5.000000000000004,74.27133688447066,148.54267376894117
Japanese,beta,increase,10.000000000000009,146.14608951993796,146.14608951993782
Japanese,beta,increase,19.999999999999996,283.16454959831754,141.5822747991588
Japanese,h_A,increase,5.000000000000004,4.2633776397233305,8.526755279446654
Japanese,h_A,increase,10.000000000000009,8.303813914881175,8.303813914881168
Japanese,h_A,increase,19.999999999999996,15.78233493218795,7.891167466093977
Japanese,p_D,increase,5.000000000000004,3.637978807091713e-12,7.2759576141834194e-12
Japanese,p_A,decrease,-5.000000000000004,3.637978807091713e-12,7.2759576141834194e-12
Japanese,p_A,increase,5.000000000000004,3.637978807091713e-12,7.2759576141834194e-12
Japanese,p_A,decrease,-9.999999999999998,3.637978807091713e-12,3.637978807091714e-12
Japanese,p_D,increase,10.000000000000009,0.0,0.0
Japanese,p_A,increase,10.000000000000009,0.0,0.0
Japanese,p_A,increase,19.999999999999996,-3.637978807091713e-12,-1.818989403545857e-12
Japanese,p_D,increase,19.999999999999996,-1.0913936421275139e-11,-5.456968210637571e-12
Japanese,p_D,decrease,-5.000000000000004,-3.637978807091713e-12,-7.2759576141834194e-12
Japanese,p_D,decrease,-9.999999999999998,-7.275957614183426e-12,-7.275957614183428e-12
Japanese,h_A,decrease,-5.000000000000004,-4.505294553007843,-9.010589106015678
Japanese,h_A,decrease,-9.999999999999998,-9.27369790875673,-9.273697908756732
Japanese,beta,decrease,-5.000000000000004,-76.79263007104237,-153.5852601420846
Japanese,beta,decrease,-9.999999999999998,-156.24014860327225,-156.24014860327227
Japanese,h_D,decrease,-5.000000000000004,-83.46323255169773,-166.92646510339532
Japanese,h_D,decrease,-9.999999999999998,-169.90279147318506,-169.9027914731851
Japanese,alpha,increase,19.999999999999996,-755.130021930614,-377.56501096530707
Japanese,alpha,increase,10.000000000000009,-384.20996745340744,-384.2099674534071
Japanese,alpha,increase,5.000000000000004,-193.8104676661278,-387.62093533225527
Japanese,d,increase,19.999999999999996,-4757.96155671353,-2378.9807783567653
Japanese,d,increase,10.000000000000009,-2599.5824093994925,-2599.58240939949
Japanese,d,increase,5.000000000000004,-1363.0963897919828,-2726.1927795839633
Other Civilizations,d,decrease,-9.999999999999998,6723.138610192938,6723.13861019294
Other Civilizations,d,decrease,-5.000000000000004,3175.37999551135,6350.7599910226945
Other Civilizations,alpha,decrease,-9.999999999999998,890.5496841466957,890.5496841466959
Other Civilizations,alpha,decrease,-5.000000000000004,440.04164772601507,880.0832954520293
Other Civilizations,beta,increase,5.000000000000004,225.71851386512571,451.43702773025103
Other Civilizations,h_D,increase,5.000000000000004,221.71335630597605,443.4267126119517
Other Civilizations,beta,increase,10.000000000000009,442.0096704851894,442.009670485189
Other Civilizations,h_D,increase,10.000000000000009,434.91677238109696,434.91677238109656
Other Civilizations,beta,increase,19.999999999999996,848.6370029012833,424.31850145064175
Other Civilizations,h_D,increase,19.999999999999996,837.6811449483575,418.8405724741789
Other Civilizations,h_A,increase,5.000000000000004,18.442969889380038,36.88593977876004
Other Civilizations,h_A,increase,10.000000000000009,35.89361875336908,35.893618753369054
Other Civilizations,h_A,increase,19.999999999999996,68.12194711077609,34.06097355538805
Other Civilizations,p_D,decrease,-5.000000000000004,2.9103830456733704e-11,5.8207660913467356e-11
Other Civilizations,p_A,decrease,-5.000000000000004,2.1827872842550278e-11,4.3655745685100517e-11
Other Civilizations,p_D,decrease,-9.999999999999998,2.9103830456733704e-11,2.910383045673371e-11
Other Civilizations,p_D,increase,5.000000000000004,1.4551915228366852e-11,2.9103830456733678e-11
Other Civilizations,p_D,increase,19.999999999999996,2.9103830456733704e-11,1.4551915228366855e-11
Other Civilizations,p_A,decrease,-9.999999999999998,7.275957614183426e-12,7.275957614183428e-12
Other Civilizations,p_A,increase,19.999999999999996,1.4551915228366852e-11,7.275957614183428e-12
Other Civilizations,p_D,increase,10.000000000000009,0.0,0.0
Other Civilizations,p_A,increase,10.000000000000009,0.0,0.0
Other Civilizations,p_A,increase,5.000000000000004,-1.4551915228366852e-11,-2.9103830456733678e-11
Other Civilizations,h_A,decrease,-5.000000000000004,-19.522409528741264,-39.04481905748249
Other Civilizations,h_A,decrease,-9.999999999999998,-40.2218825861637,-40.22188258616371
Other Civilizations,h_D,decrease,-5.000000000000004,-230.7431789584807,-461.486357916961
Other Civilizations,h_D,decrease,-9.999999999999998,-471.0792902442772,-471.07929024427733
Other Civilizations,beta,decrease,-5.000000000000004,-235.79513090796536,-471.5902618159303
Other Civilizations,beta,decrease,-9.999999999999998,-482.3778558831982,-482.3778558831983
Other Civilizations,alpha,increase,19.999999999999996,-1662.4735869887372,-831.2367934943688
Other Civilizations,alpha,increase,10.000000000000009,-850.1099606463831,-850.1099606463823
Other Civilizations,alpha,increase,5.000000000000004,-429.9358099917881,-859.8716199835754
Other Civilizations,d,increase,19.999999999999996,-9941.681703504626,-4970.840851752314
Other Civilizations,d,increase,10.000000000000009,-5444.411690770074,-5444.411690770069
Other Civilizations,d,increase,5.000000000000004,-2858.27510811096,-5716.5502162219145
Other Western,d,decrease,-9.999999999999998,567.293651125141,567.2936511251411
Other Western,d,decrease,-5.000000000000004,267.8116005316988,535.6232010633971
Other Western,alpha,decrease,-9.999999999999998,74.80860627603397,74.80860627603398
Other Western,alpha,decrease,-5.000000000000004,36.86537500886698,73.73075001773388
Other Western,h_D,increase,5.000000000000004,24.052463179868937,48.10492635973783
Other Western,h_D,increase,10.000000000000009,46.991621305889566,46.991621305889524
Other Western,h_D,increase,19.999999999999996,89.8255305163184,44.912765258159205
Other Western,beta,increase,5.000000000000004,21.78516509560359,43.57033019120714
Other Western,beta,increase,10.000000000000009,42.588812540455365,42.58881254045533
Other Western,beta,increase,19.999999999999996,81.50981872578086,40.75490936289044
Other Western,h_A,increase,5.000000000000004,1.7475040308991083,3.4950080617982136
Other Western,h_A,increase,10.000000000000009,3.3788290087150017,3.3788290087149986
Other Western,h_A,increase,19.999999999999996,6.336396314574813,3.1681981572874074
Other Western,p_D,decrease,-9.999999999999998,1.8189894035458565e-12,1.818989403545857e-12
Other Western,p_A,decrease,-5.000000000000004,9.094947017729282e-13,1.8189894035458549e-12
Other Western,p_D,decrease,-5.000000000000004,0.0,0.0
Other Western,p_D,increase,10.000000000000009,0.0,0.0
Other Western,p_A,decrease,-9.999999999999998,0.0,0.0
Other Western,p_A,increase,10.000000000000009,0.0,0.0
Other Western,p_D,increase,19.999999999999996,-9.094947017729282e-13,-4.547473508864642e-13
Other Western,p_A,increase,19.999999999999996,-1.8189894035458565e-12,-9.094947017729284e-13
Other Western,p_D,increase,5.000000000000004,-9.094947017729282e-13,-1.8189894035458549e-12
Other Western,p_A,increase,5.000000000000004,-1.8189894035458565e-12,-3.6379788070917097e-12
Other Western,h_A,decrease,-5.000000000000004,-1.8765523328638665,-3.7531046657277294
Other Western,h_A,decrease,-9.999999999999998,-3.8969958048837725,-3.8969958048837734
Other Western,beta,decrease,-5.000000000000004,-22.839239027865915,-45.67847805573179
Other Western,beta,decrease,-9.999999999999998,-46.81247493858609,-46.8124749385861
Other Western,h_D,decrease,-5.000000000000004,-25.248831865987086,-50.49766373197413
Other Western,h_D,decrease,-9.999999999999998,-51.78556996075713,-51.785569960757144
Other Western,alpha,increase,19.999999999999996,-137.55211803724796,-68.776059018624
Other Western,alpha,increase,10.000000000000009,-70.67581913130562,-70.67581913130556
Other Western,alpha,increase,5.000000000000004,-35.832803661747676,-71.6656073234953
Other Western,d,increase,19.999999999999996,-836.2347236580017,-418.11736182900097
Other Western,d,increase,10.000000000000009,-458.4654820828,-458.4654820827996
Other Western,d,increase,5.000000000000004,-240.82130434151077,-481.6426086830211
Sinic,d,decrease,-9.999999999999998,34739.16312453803,34739.163124538034
Sinic,d,decrease,-5.000000000000004,16428.70156553347,32857.40313106691
Sinic,alpha,decrease,-9.999999999999998,2369.864361124346,2369.8643611243465
Sinic,alpha,decrease,-5.000000000000004,1174.7092916351394,2349.4185832702765
Sinic,beta,increase,5.000000000000004,822.0898603435489,1644.1797206870965
Sinic,beta,increase,10.000000000000009,1595.2607756872312,1595.2607756872299
Sinic,beta,increase,19.999999999999996,3011.633109691902,1505.8165548459513
Sinic,h_D,increase,5.000000000000004,632.3900492228568,1264.7800984457124
Sinic,h_D,increase,10.000000000000009,1236.9431359627051,1236.943135962704
Sinic,h_D,increase,19.999999999999996,2369.5805132726673,1184.7902566363339
Sinic,h_A,increase,5.000000000000004,54.71726990811294,109.43453981622578
Sinic,h_A,increase,10.000000000000009,106.4517724653706,106.4517724653705
Sinic,h_A,increase,19.999999999999996,201.8976292863954,100.94881464319772
Sinic,p_A,increase,10.000000000000009,5.820766091346741e-11,5.8207660913467356e-11
Sinic,p_D,increase,19.999999999999996,0.0,0.0
Sinic,p_A,decrease,-9.999999999999998,0.0,0.0
Sinic,p_A,increase,5.000000000000004,0.0,0.0
Sinic,p_A,increase,19.999999999999996,0.0,0.0
Sinic,p_D,decrease,-9.999999999999998,-5.820766091346741e-11,-5.820766091346742e-11
Sinic,p_D,increase,5.000000000000004,-5.820766091346741e-11,-1.1641532182693471e-10
Sinic,p_D,increase,10.000000000000009,-1.1641532182693481e-10,-1.1641532182693471e-10
Sinic,p_D,decrease,-5.000000000000004,-1.1641532182693481e-10,-2.3283064365386942e-10
Sinic,p_A,decrease,-5.000000000000004,-1.1641532182693481e-10,-2.3283064365386942e-10
Sinic,h_A,decrease,-5.000000000000004,-57.96565276850015,-115.9313055370002
Sinic,h_A,decrease,-9.999999999999998,-119.47780610393966,-119.47780610393968
Sinic,h_D,decrease,-5.000000000000004,-662.1949707616586,-1324.389941523316
Sinic,h_D,decrease,-9.999999999999998,-1356.352801208268,-1356.3528012082681
Sinic,beta,decrease,-5.000000000000004,-875.9126427703886,-1751.8252855407757
Sinic,beta,decrease,-9.999999999999998,-1811.2362910501543,-1811.2362910501547
Sinic,alpha,increase,19.999999999999996,-4504.525360414875,-2252.262680207438
Sinic,alpha,increase,10.000000000000009,-2290.1445741935167,-2290.144574193515
Sinic,alpha,increase,5.000000000000004,-1154.7837196999462,-2309.56743939989
Sinic,d,increase,19.999999999999996,-51671.5118934059,-25835.755946702957
Sinic,d,increase,10.000000000000009,-28254.541555813397,-28254.54155581337
Sinic,d,increase,5.000000000000004,-14820.061211732973,-29640.12242346592
United States,d,decrease,-9.999999999999998,16560.36693273869,16560.366932738692
United States,d,decrease,-5.000000000000004,7826.51744179317,15653.034883586326
United States,alpha,decrease,-9.999999999999998,2098.500837230269,2098.5008372302696
United States,alpha,decrease,-5.000000000000004,1038.9107521160913,2077.821504232181
United States,h_D,increase,5.000000000000004,672.3737320172368,1344.7474640344724
United States,h_D,increase,10.000000000000009,1310.2859020628384,1310.2859020628373
United States,h_D,increase,19.999999999999996,2492.8065405667876,1246.403270283394
United States,beta,increase,5.000000000000004,378.8019377596502,757.6038755192997
United States,beta,increase,10.000000000000009,746.0125578390725,746.0125578390719
United States,beta,increase,19.999999999999996,1447.751621158328,723.8758105791641
United States,h_A,increase,5.000000000000004,19.19130096246954,38.382601924939046
United States,h_A,increase,10.000000000000009,37.151169509394094,37.15116950939406
United States,h_A,increase,19.999999999999996,69.82212047334178,34.9110602366709
United States,p_D,increase,10.000000000000009,2.9103830456733704e-11,2.9103830456733678e-11
United States,p_D,decrease,-9.999999999999998,0.0,0.0
United States,p_D,decrease,-5.000000000000004,0.0,0.0
United States,p_D,increase,5.000000000000004,0.0,0.0
United States,p_D,increase,19.999999999999996,0.0,0.0
United States,p_A,decrease,-5.000000000000004,0.0,0.0
United States,p_A,increase,10.000000000000009,0.0,0.0
United States,p_A,increase,19.999999999999996,-2.9103830456733704e-11,-1.4551915228366855e-11
United States,p_A,decrease,-9.999999999999998,-2.9103830456733704e-11,-2.910383045673371e-11
United States,p_A,increase,5.000000000000004,-2.9103830456733704e-11,-5.8207660913467356e-11
United States,h_A,decrease,-5.000000000000004,-20.55388067482272,-41.10776134964541
United States,h_A,decrease,-9.999999999999998,-42.62079668248771,-42.620796682487715
United States,beta,decrease,-5.000000000000004,-390.9588888134749,-781.9177776269491
United States,beta,decrease,-9.999999999999998,-794.6779181660968,-794.677918166097
United States,h_D,decrease,-5.000000000000004,-709.7053637408535,-1419.4107274817056
United States,h_D,decrease,-9.999999999999998,-1459.9402340343513,-1459.9402340343515
United States,alpha,increase,19.999999999999996,-3960.5023956356454,-1980.2511978178231
United States,alpha,increase,10.000000000000009,-2018.1586616904533,-2018.1586616904515
United States,alpha,increase,5.000000000000004,-1018.8309465343482,-2037.6618930686946
United States,d,increase,19.999999999999996,-24566.622634093044,-12283.311317046524
United States,d,increase,10.000000000000009,-13441.248517624219,-13441.248517624206
United States,d,increase,5.000000000000004,-7052.95627134532,-14105.912542690627
