year,origin_group,destination_group,new_flow
2000,Anglosphere ex-US,Anglosphere ex-US,167
2000,Anglosphere ex-US,Continental Europe,33
2000,Anglosphere ex-US,Other Civilizations,1
2000,Anglosphere ex-US,Other Western,1
2000,Anglosphere ex-US,Sinic,21
2000,Anglosphere ex-US,United States,20
2000,Anglosphere ex-US,Unknown,176
2000,Continental Europe,Anglosphere ex-US,27
2000,Continental Europe,Continental Europe,248
2000,Continental Europe,Hindu,2
2000,Continental Europe,Islamic,3
2000,Continental Europe,Japanese,5
2000,Continental Europe,Other Civilizations,22
2000,Continental Europe,Other Western,2
2000,Continental Europe,Sinic,12
2000,Continental Europe,United States,26
2000,Continental Europe,Unknown,298
2000,Hindu,Anglosphere ex-US,1
2000,Hindu,Hindu,7
2000,Hindu,Sinic,1
2000,Hindu,United States,3
2000,Hindu,Unknown,11
2000,Islamic,Islamic,14
2000,Islamic,Japanese,2
2000,Islamic,Other Western,1
2000,Islamic,United States,1
2000,Islamic,Unknown,19
2000,Japanese,Anglosphere ex-US,1
2000,Japanese,Continental Europe,5
2000,Japanese,Islamic,1
2000,Japanese,Japanese,55
2000,Japanese,Other Civilizations,2
2000,Japanese,Other Western,1
2000,Japanese,Sinic,5
2000,Japanese,United States,5
2000,Japanese,Unknown,79
2000,Other Civilizations,Anglosphere ex-US,4
2000,Other Civilizations,Continental Europe,19
2000,Other Civilizations,Hindu,1
2000,Other Civilizations,Islamic,1
2000,Other Civilizations,Other Civilizations,90
2000,Other Civilizations,Sinic,2
2000,Other Civilizations,United States,10
2000,Other Civilizations,Unknown,143
2000,Other Western,Anglosphere ex-US,1
2000,Other Western,Continental Europe,1
2000,Other Western,Other Western,28
2000,Other Western,United States,11
2000,Other Western,Unknown,20
2000,Sinic,Anglosphere ex-US,5
2000,Sinic,Continental Europe,3
2000,Sinic,Islamic,1
2000,Sinic,Japanese,2
2000,Sinic,Other Civilizations,3
2000,Sinic,Sinic,112
2000,Sinic,United States,6
2000,Sinic,Unknown,104
2000,United States,Anglosphere ex-US,36
2000,United States,Continental Europe,62
2000,United States,Hindu,6
2000,United States,Islamic,5
2000,United States,Japanese,9
2000,United States,Other Civilizations,8
2000,United States,Other Western,2
2000,United States,Sinic,25
2000,United States,United States,184
2000,United States,Unknown,417
2001,Anglosphere ex-US,Anglosphere ex-US,134
2001,Anglosphere ex-US,Continental Europe,33
2001,Anglosphere ex-US,Islamic,3
2001,Anglosphere ex-US,Japanese,1
2001,Anglosphere ex-US,Other Civilizations,6
2001,Anglosphere ex-US,Other Western,1
2001,Anglosphere ex-US,Sinic,17
2001,Anglosphere ex-US,United States,19
2001,Anglosphere ex-US,Unknown,169
2001,Continental Europe,Anglosphere ex-US,34
2001,Continental Europe,Continental Europe,253
2001,Continental Europe,Hindu,2
2001,Continental Europe,Islamic,1
2001,Continental Europe,Japanese,5
2001,Continental Europe,Other Civilizations,13
2001,Continental Europe,Sinic,16
2001,Continental Europe,United States,25
2001,Continental Europe,Unknown,284
2001,Hindu,Anglosphere ex-US,1
2001,Hindu,Hindu,3
2001,Hindu,Islamic,1
2001,Hindu,Sinic,1
2001,Hindu,United States,1
2001,Hindu,Unknown,10
2001,Islamic,Anglosphere ex-US,3
2001,Islamic,Continental Europe,9
2001,Islamic,Hindu,1
2001,Islamic,Islamic,10
2001,Islamic,United States,1
2001,Islamic,Unknown,17
2001,Japanese,Anglosphere ex-US,2
2001,Japanese,Continental Europe,4
2001,Japanese,Islamic,1
2001,Japanese,Japanese,47
2001,Japanese,Other Civilizations,1
2001,Japanese,Sinic,3
2001,Japanese,United States,3
2001,Japanese,Unknown,78
2001,Other Civilizations,Anglosphere ex-US,6
2001,Other Civilizations,Continental Europe,15
2001,Other Civilizations,Other Civilizations,89
2001,Other Civilizations,United States,8
2001,Other Civilizations,Unknown,112
2001,Other Western,Anglosphere ex-US,1
2001,Other Western,Continental Europe,4
2001,Other Western,Other Civilizations,1
2001,Other Western,Other Western,20
2001,Other Western,United States,5
2001,Other Western,Unknown,26
2001,Sinic,Anglosphere ex-US,7
2001,Sinic,Continental Europe,2
2001,Sinic,Hindu,1
2001,Sinic,Japanese,1
2001,Sinic,Other Civilizations,2
2001,Sinic,Sinic,122
2001,Sinic,United States,11
2001,Sinic,Unknown,110
2001,United States,Anglosphere ex-US,40
2001,United States,Continental Europe,51
2001,United States,Hindu,8
2001,United States,Islamic,1
2001,United States,Japanese,9
2001,United States,Other Civilizations,7
2001,United States,Other Western,9
2001,United States,Sinic,25
2001,United States,United States,179
2001,United States,Unknown,359
2002,Anglosphere ex-US,Anglosphere ex-US,265
2002,Anglosphere ex-US,Continental Europe,60
2002,Anglosphere ex-US,Hindu,2
2002,Anglosphere ex-US,Islamic,13
2002,Anglosphere ex-US,Japanese,1
2002,Anglosphere ex-US,Other Civilizations,15
2002,Anglosphere ex-US,Other Western,2
2002,Anglosphere ex-US,Sinic,74
2002,Anglosphere ex-US,United States,38
2002,Anglosphere ex-US,Unknown,397
2002,Continental Europe,Anglosphere ex-US,47
2002,Continental Europe,Continental Europe,453
2002,Continental Europe,Hindu,2
2002,Continental Europe,Islamic,7
2002,Continental Europe,Japanese,7
2002,Continental Europe,Other Civilizations,21
2002,Continental Europe,Other Western,3
2002,Continental Europe,Sinic,12
2002,Continental Europe,United States,41
2002,Continental Europe,Unknown,546
2002,Hindu,Anglosphere ex-US,2
2002,Hindu,Continental Europe,3
2002,Hindu,Hindu,30
2002,Hindu,Islamic,1
2002,Hindu,Japanese,1
2002,Hindu,Other Civilizations,1
2002,Hindu,Sinic,1
2002,Hindu,United States,2
2002,Hindu,Unknown,22
2002,Islamic,Anglosphere ex-US,8
2002,Islamic,Continental Europe,2
2002,Islamic,Hindu,1
2002,Islamic,Islamic,63
2002,Islamic,Other Civilizations,1
2002,Islamic,Sinic,1
2002,Islamic,United States,7
2002,Islamic,Unknown,51
2002,Japanese,Anglosphere ex-US,5
2002,Japanese,Continental Europe,1
2002,Japanese,Islamic,3
2002,Japanese,Japanese,119
2002,Japanese,Other Civilizations,1
2002,Japanese,Sinic,14
2002,Japanese,United States,5
2002,Japanese,Unknown,162
2002,Other Civilizations,Anglosphere ex-US,11
2002,Other Civilizations,Continental Europe,17
2002,Other Civilizations,Islamic,1
2002,Other Civilizations,Japanese,3
2002,Other Civilizations,Other Civilizations,114
2002,Other Civilizations,Sinic,1
2002,Other Civilizations,United States,16
2002,Other Civilizations,Unknown,177
2002,Other Western,Anglosphere ex-US,3
2002,Other Western,Continental Europe,2
2002,Other Western,Other Civilizations,1
2002,Other Western,Other Western,38
2002,Other Western,United States,5
2002,Other Western,Unknown,39
2002,Sinic,Anglosphere ex-US,17
2002,Sinic,Continental Europe,9
2002,Sinic,Hindu,1
2002,Sinic,Islamic,4
2002,Sinic,Japanese,3
2002,Sinic,Other Civilizations,1
2002,Sinic,Sinic,327
2002,Sinic,United States,14
2002,Sinic,Unknown,261
2002,United States,Anglosphere ex-US,60
2002,United States,Continental Europe,92
2002,United States,Hindu,6
2002,United States,Islamic,20
2002,United States,Japanese,20
2002,United States,Other Civilizations,19
2002,United States,Other Western,9
2002,United States,Sinic,113
2002,United States,United States,346
2002,United States,Unknown,707
2003,Anglosphere ex-US,Anglosphere ex-US,170
2003,Anglosphere ex-US,Continental Europe,37
2003,Anglosphere ex-US,Hindu,5
2003,Anglosphere ex-US,Islamic,15
2003,Anglosphere ex-US,Japanese,4
2003,Anglosphere ex-US,Other Civilizations,11
2003,Anglosphere ex-US,Other Western,1
2003,Anglosphere ex-US,Sinic,66
2003,Anglosphere ex-US,United States,41
2003,Anglosphere ex-US,Unknown,319
2003,Continental Europe,Anglosphere ex-US,48
2003,Continental Europe,Continental Europe,357
2003,Continental Europe,Hindu,4
2003,Continental Europe,Islamic,11
2003,Continental Europe,Japanese,7
2003,Continental Europe,Other Civilizations,18
2003,Continental Europe,Other Western,1
2003,Continental Europe,Sinic,16
2003,Continental Europe,United States,30
2003,Continental Europe,Unknown,429
2003,Hindu,Continental Europe,2
2003,Hindu,Hindu,24
2003,Hindu,Islamic,1
2003,Hindu,Sinic,2
2003,Hindu,United States,8
2003,Hindu,Unknown,24
2003,Islamic,Anglosphere ex-US,7
2003,Islamic,Continental Europe,3
2003,Islamic,Hindu,2
2003,Islamic,Islamic,45
2003,Islamic,Sinic,1
2003,Islamic,United States,4
2003,Islamic,Unknown,60
2003,Japanese,Anglosphere ex-US,6
2003,Japanese,Continental Europe,7
2003,Japanese,Hindu,1
2003,Japanese,Islamic,5
2003,Japanese,Japanese,71
2003,Japanese,Other Civilizations,2
2003,Japanese,Sinic,9
2003,Japanese,United States,4
2003,Japanese,Unknown,89
2003,Other Civilizations,Anglosphere ex-US,10
2003,Other Civilizations,Continental Europe,19
2003,Other Civilizations,Islamic,4
2003,Other Civilizations,Other Civilizations,112
2003,Other Civilizations,Sinic,11
2003,Other Civilizations,United States,10
2003,Other Civilizations,Unknown,148
2003,Other Western,Continental Europe,1
2003,Other Western,Other Civilizations,1
2003,Other Western,Other Western,28
2003,Other Western,Sinic,2
2003,Other Western,United States,7
2003,Other Western,Unknown,28
2003,Sinic,Anglosphere ex-US,17
2003,Sinic,Continental Europe,10
2003,Sinic,Hindu,2
2003,Sinic,Japanese,2
2003,Sinic,Other Civilizations,3
2003,Sinic,Sinic,316
2003,Sinic,United States,34
2003,Sinic,Unknown,216
2003,United States,Anglosphere ex-US,52
2003,United States,Continental Europe,77
2003,United States,Hindu,10
2003,United States,Islamic,14
2003,United States,Japanese,15
2003,United States,Other Civilizations,16
2003,United States,Other Western,5
2003,United States,Sinic,136
2003,United States,United States,231
2003,United States,Unknown,534
2004,Anglosphere ex-US,Anglosphere ex-US,162
2004,Anglosphere ex-US,Continental Europe,47
2004,Anglosphere ex-US,Hindu,6
2004,Anglosphere ex-US,Islamic,15
2004,Anglosphere ex-US,Japanese,8
2004,Anglosphere ex-US,Other Civilizations,14
2004,Anglosphere ex-US,Sinic,71
2004,Anglosphere ex-US,United States,36
2004,Anglosphere ex-US,Unknown,328
2004,Continental Europe,Anglosphere ex-US,45
2004,Continental Europe,Continental Europe,348
2004,Continental Europe,Islamic,10
2004,Continental Europe,Japanese,5
2004,Continental Europe,Other Civilizations,11
2004,Continental Europe,Other Western,3
2004,Continental Europe,Sinic,27
2004,Continental Europe,United States,39
2004,Continental Europe,Unknown,421
2004,Hindu,Anglosphere ex-US,2
2004,Hindu,Hindu,19
2004,Hindu,Sinic,4
2004,Hindu,United States,8
2004,Hindu,Unknown,20
2004,Islamic,Anglosphere ex-US,1
2004,Islamic,Continental Europe,3
2004,Islamic,Hindu,1
2004,Islamic,Islamic,30
2004,Islamic,Sinic,5
2004,Islamic,United States,1
2004,Islamic,Unknown,49
2004,Japanese,Anglosphere ex-US,1
2004,Japanese,Continental Europe,3
2004,Japanese,Hindu,1
2004,Japanese,Islamic,5
2004,Japanese,Japanese,72
2004,Japanese,Other Civilizations,5
2004,Japanese,Sinic,24
2004,Japanese,United States,5
2004,Japanese,Unknown,98
2004,Other Civilizations,Anglosphere ex-US,6
2004,Other Civilizations,Continental Europe,23
2004,Other Civilizations,Islamic,3
2004,Other Civilizations,Japanese,1
2004,Other Civilizations,Other Civilizations,105
2004,Other Civilizations,Sinic,9
2004,Other Civilizations,United States,10
2004,Other Civilizations,Unknown,156
2004,Other Western,Anglosphere ex-US,2
2004,Other Western,Continental Europe,1
2004,Other Western,Other Western,19
2004,Other Western,Sinic,1
2004,Other Western,United States,9
2004,Other Western,Unknown,37
2004,Sinic,Anglosphere ex-US,14
2004,Sinic,Continental Europe,8
2004,Sinic,Hindu,3
2004,Sinic,Islamic,2
2004,Sinic,Japanese,3
2004,Sinic,Other Civilizations,1
2004,Sinic,Sinic,330
2004,Sinic,United States,35
2004,Sinic,Unknown,238
2004,United States,Anglosphere ex-US,66
2004,United States,Continental Europe,62
2004,United States,Hindu,17
2004,United States,Islamic,20
2004,United States,Japanese,17
2004,United States,Other Civilizations,8
2004,United States,Other Western,4
2004,United States,Sinic,174
2004,United States,United States,243
2004,United States,Unknown,512
2005,Anglosphere ex-US,Anglosphere ex-US,193
2005,Anglosphere ex-US,Continental Europe,56
2005,Anglosphere ex-US,Hindu,6
2005,Anglosphere ex-US,Islamic,15
2005,Anglosphere ex-US,Japanese,11
2005,Anglosphere ex-US,Other Civilizations,6
2005,Anglosphere ex-US,Sinic,84
2005,Anglosphere ex-US,United States,49
2005,Anglosphere ex-US,Unknown,367
2005,Continental Europe,Anglosphere ex-US,64
2005,Continental Europe,Continental Europe,424
2005,Continental Europe,Hindu,3
2005,Continental Europe,Islamic,14
2005,Continental Europe,Japanese,5
2005,Continental Europe,Other Civilizations,23
2005,Continental Europe,Other Western,2
2005,Continental Europe,Sinic,44
2005,Continental Europe,United States,50
2005,Continental Europe,Unknown,564
2005,Hindu,Anglosphere ex-US,2
2005,Hindu,Continental Europe,4
2005,Hindu,Hindu,40
2005,Hindu,Other Civilizations,1
2005,Hindu,Sinic,4
2005,Hindu,United States,4
2005,Hindu,Unknown,41
2005,Islamic,Anglosphere ex-US,5
2005,Islamic,Continental Europe,9
2005,Islamic,Hindu,1
2005,Islamic,Islamic,40
2005,Islamic,Japanese,1
2005,Islamic,Other Civilizations,1
2005,Islamic,Sinic,7
2005,Islamic,United States,2
2005,Islamic,Unknown,73
2005,Japanese,Anglosphere ex-US,2
2005,Japanese,Continental Europe,2
2005,Japanese,Hindu,2
2005,Japanese,Islamic,5
2005,Japanese,Japanese,80
2005,Japanese,Other Civilizations,2
2005,Japanese,Sinic,25
2005,Japanese,United States,12
2005,Japanese,Unknown,131
2005,Other Civilizations,Anglosphere ex-US,18
2005,Other Civilizations,Continental Europe,24
2005,Other Civilizations,Hindu,1
2005,Other Civilizations,Japanese,5
2005,Other Civilizations,Other Civilizations,96
2005,Other Civilizations,Sinic,12
2005,Other Civilizations,United States,13
2005,Other Civilizations,Unknown,177
2005,Other Western,Anglosphere ex-US,1
2005,Other Western,Continental Europe,3
2005,Other Western,Other Western,27
2005,Other Western,United States,4
2005,Other Western,Unknown,29
2005,Sinic,Anglosphere ex-US,31
2005,Sinic,Continental Europe,5
2005,Sinic,Hindu,2
2005,Sinic,Islamic,2
2005,Sinic,Japanese,4
2005,Sinic,Other Civilizations,1
2005,Sinic,Sinic,505
2005,Sinic,United States,46
2005,Sinic,Unknown,308
2005,United States,Anglosphere ex-US,84
2005,United States,Continental Europe,93
2005,United States,Hindu,29
2005,United States,Islamic,16
2005,United States,Japanese,20
2005,United States,Other Civilizations,17
2005,United States,Other Western,11
2005,United States,Sinic,254
2005,United States,United States,320
2005,United States,Unknown,700
2006,Anglosphere ex-US,Anglosphere ex-US,199
2006,Anglosphere ex-US,Continental Europe,51
2006,Anglosphere ex-US,Hindu,11
2006,Anglosphere ex-US,Islamic,32
2006,Anglosphere ex-US,Japanese,4
2006,Anglosphere ex-US,Other Civilizations,9
2006,Anglosphere ex-US,Sinic,111
2006,Anglosphere ex-US,United States,69
2006,Anglosphere ex-US,Unknown,416
2006,Continental Europe,Anglosphere ex-US,70
2006,Continental Europe,Continental Europe,507
2006,Continental Europe,Hindu,7
2006,Continental Europe,Islamic,32
2006,Continental Europe,Japanese,2
2006,Continental Europe,Other Civilizations,28
2006,Continental Europe,Other Western,1
2006,Continental Europe,Sinic,43
2006,Continental Europe,United States,45
2006,Continental Europe,Unknown,717
2006,Hindu,Anglosphere ex-US,1
2006,Hindu,Continental Europe,3
2006,Hindu,Hindu,50
2006,Hindu,Islamic,4
2006,Hindu,Sinic,2
2006,Hindu,United States,8
2006,Hindu,Unknown,51
2006,Islamic,Anglosphere ex-US,7
2006,Islamic,Continental Europe,7
2006,Islamic,Hindu,2
2006,Islamic,Islamic,65
2006,Islamic,Sinic,9
2006,Islamic,United States,4
2006,Islamic,Unknown,90
2006,Japanese,Anglosphere ex-US,9
2006,Japanese,Continental Europe,7
2006,Japanese,Hindu,5
2006,Japanese,Islamic,6
2006,Japanese,Japanese,78
2006,Japanese,Other Civilizations,1
2006,Japanese,Sinic,39
2006,Japanese,United States,13
2006,Japanese,Unknown,122
2006,Other Civilizations,Anglosphere ex-US,18
2006,Other Civilizations,Continental Europe,25
2006,Other Civilizations,Islamic,1
2006,Other Civilizations,Japanese,2
2006,Other Civilizations,Other Civilizations,130
2006,Other Civilizations,Other Western,1
2006,Other Civilizations,Sinic,15
2006,Other Civilizations,United States,14
2006,Other Civilizations,Unknown,212
2006,Other Western,Anglosphere ex-US,4
2006,Other Western,Continental Europe,3
2006,Other Western,Other Western,23
2006,Other Western,Sinic,1
2006,Other Western,United States,5
2006,Other Western,Unknown,39
2006,Sinic,Anglosphere ex-US,42
2006,Sinic,Continental Europe,12
2006,Sinic,Hindu,2
2006,Sinic,Islamic,3
2006,Sinic,Japanese,7
2006,Sinic,Other Civilizations,4
2006,Sinic,Other Western,1
2006,Sinic,Sinic,637
2006,Sinic,United States,42
2006,Sinic,Unknown,372
2006,United States,Anglosphere ex-US,63
2006,United States,Continental Europe,98
2006,United States,Hindu,22
2006,United States,Islamic,30
2006,United States,Japanese,17
2006,United States,Other Civilizations,17
2006,United States,Other Western,8
2006,United States,Sinic,318
2006,United States,United States,281
2006,United States,Unknown,670
2007,Anglosphere ex-US,Anglosphere ex-US,159
2007,Anglosphere ex-US,Continental Europe,44
2007,Anglosphere ex-US,Hindu,5
2007,Anglosphere ex-US,Islamic,32
2007,Anglosphere ex-US,Japanese,4
2007,Anglosphere ex-US,Other Civilizations,9
2007,Anglosphere ex-US,Other Western,3
2007,Anglosphere ex-US,Sinic,113
2007,Anglosphere ex-US,United States,66
2007,Anglosphere ex-US,Unknown,358
2007,Continental Europe,Anglosphere ex-US,59
2007,Continental Europe,Continental Europe,390
2007,Continental Europe,Hindu,5
2007,Continental Europe,Islamic,22
2007,Continental Europe,Japanese,5
2007,Continental Europe,Other Civilizations,27
2007,Continental Europe,Other Western,2
2007,Continental Europe,Sinic,39
2007,Continental Europe,United States,48
2007,Continental Europe,Unknown,576
2007,Hindu,Anglosphere ex-US,4
2007,Hindu,Continental Europe,3
2007,Hindu,Hindu,38
2007,Hindu,Japanese,1
2007,Hindu,Other Civilizations,1
2007,Hindu,Sinic,5
2007,Hindu,United States,8
2007,Hindu,Unknown,43
2007,Islamic,Anglosphere ex-US,8
2007,Islamic,Continental Europe,11
2007,Islamic,Hindu,3
2007,Islamic,Islamic,87
2007,Islamic,Japanese,1
2007,Islamic,Sinic,6
2007,Islamic,United States,6
2007,Islamic,Unknown,107
2007,Japanese,Anglosphere ex-US,4
2007,Japanese,Continental Europe,5
2007,Japanese,Hindu,2
2007,Japanese,Islamic,6
2007,Japanese,Japanese,70
2007,Japanese,Other Civilizations,1
2007,Japanese,Sinic,28
2007,Japanese,United States,10
2007,Japanese,Unknown,96
2007,Other Civilizations,Anglosphere ex-US,9
2007,Other Civilizations,Continental Europe,35
2007,Other Civilizations,Hindu,1
2007,Other Civilizations,Islamic,3
2007,Other Civilizations,Japanese,5
2007,Other Civilizations,Other Civilizations,135
2007,Other Civilizations,Sinic,5
2007,Other Civilizations,United States,12
2007,Other Civilizations,Unknown,183
2007,Other Western,Anglosphere ex-US,2
2007,Other Western,Other Civilizations,1
2007,Other Western,Other Western,30
2007,Other Western,Sinic,1
2007,Other Western,United States,9
2007,Other Western,Unknown,27
2007,Sinic,Anglosphere ex-US,23
2007,Sinic,Continental Europe,11
2007,Sinic,Hindu,1
2007,Sinic,Islamic,3
2007,Sinic,Japanese,2
2007,Sinic,Other Civilizations,3
2007,Sinic,Sinic,618
2007,Sinic,United States,48
2007,Sinic,Unknown,447
2007,United States,Anglosphere ex-US,75
2007,United States,Continental Europe,70
2007,United States,Hindu,25
2007,United States,Islamic,24
2007,United States,Japanese,14
2007,United States,Other Civilizations,19
2007,United States,Other Western,10
2007,United States,Sinic,296
2007,United States,United States,244
2007,United States,Unknown,630
2008,Anglosphere ex-US,Anglosphere ex-US,153
2008,Anglosphere ex-US,Continental Europe,65
2008,Anglosphere ex-US,Hindu,13
2008,Anglosphere ex-US,Islamic,33
2008,Anglosphere ex-US,Japanese,1
2008,Anglosphere ex-US,Other Civilizations,11
2008,Anglosphere ex-US,Other Western,2
2008,Anglosphere ex-US,Sinic,91
2008,Anglosphere ex-US,United States,51
2008,Anglosphere ex-US,Unknown,352
2008,Continental Europe,Anglosphere ex-US,75
2008,Continental Europe,Continental Europe,448
2008,Continental Europe,Hindu,3
2008,Continental Europe,Islamic,25
2008,Continental Europe,Japanese,7
2008,Continental Europe,Other Civilizations,26
2008,Continental Europe,Other Western,3
2008,Continental Europe,Sinic,42
2008,Continental Europe,United States,49
2008,Continental Europe,Unknown,604
2008,Hindu,Anglosphere ex-US,2
2008,Hindu,Continental Europe,6
2008,Hindu,Hindu,40
2008,Hindu,Sinic,2
2008,Hindu,United States,4
2008,Hindu,Unknown,47
2008,Islamic,Anglosphere ex-US,11
2008,Islamic,Continental Europe,16
2008,Islamic,Hindu,1
2008,Islamic,Islamic,92
2008,Islamic,Sinic,6
2008,Islamic,United States,11
2008,Islamic,Unknown,114
2008,Japanese,Anglosphere ex-US,5
2008,Japanese,Continental Europe,5
2008,Japanese,Hindu,1
2008,Japanese,Islamic,8
2008,Japanese,Japanese,44
2008,Japanese,Sinic,21
2008,Japanese,United States,8
2008,Japanese,Unknown,110
2008,Other Civilizations,Anglosphere ex-US,11
2008,Other Civilizations,Continental Europe,33
2008,Other Civilizations,Hindu,1
2008,Other Civilizations,Islamic,8
2008,Other Civilizations,Japanese,1
2008,Other Civilizations,Other Civilizations,145
2008,Other Civilizations,Sinic,10
2008,Other Civilizations,United States,7
2008,Other Civilizations,Unknown,224
2008,Other Western,Anglosphere ex-US,2
2008,Other Western,Continental Europe,1
2008,Other Western,Other Civilizations,1
2008,Other Western,Other Western,20
2008,Other Western,Sinic,1
2008,Other Western,United States,9
2008,Other Western,Unknown,28
2008,Sinic,Anglosphere ex-US,29
2008,Sinic,Continental Europe,15
2008,Sinic,Hindu,3
2008,Sinic,Islamic,5
2008,Sinic,Japanese,4
2008,Sinic,Other Civilizations,3
2008,Sinic,Other Western,1
2008,Sinic,Sinic,772
2008,Sinic,United States,65
2008,Sinic,Unknown,484
2008,United States,Anglosphere ex-US,76
2008,United States,Continental Europe,87
2008,United States,Hindu,30
2008,United States,Islamic,28
2008,United States,Japanese,11
2008,United States,Other Civilizations,16
2008,United States,Other Western,7
2008,United States,Sinic,294
2008,United States,United States,261
2008,United States,Unknown,599
2009,Anglosphere ex-US,Anglosphere ex-US,123
2009,Anglosphere ex-US,Continental Europe,66
2009,Anglosphere ex-US,Hindu,11
2009,Anglosphere ex-US,Islamic,29
2009,Anglosphere ex-US,Japanese,3
2009,Anglosphere ex-US,Other Civilizations,13
2009,Anglosphere ex-US,Sinic,101
2009,Anglosphere ex-US,United States,58
2009,Anglosphere ex-US,Unknown,305
2009,Continental Europe,Anglosphere ex-US,55
2009,Continental Europe,Continental Europe,356
2009,Continental Europe,Hindu,4
2009,Continental Europe,Islamic,39
2009,Continental Europe,Japanese,5
2009,Continental Europe,Other Civilizations,35
2009,Continental Europe,Other Western,1
2009,Continental Europe,Sinic,47
2009,Continental Europe,United States,60
2009,Continental Europe,Unknown,525
2009,Hindu,Anglosphere ex-US,6
2009,Hindu,Continental Europe,3
2009,Hindu,Hindu,48
2009,Hindu,Islamic,3
2009,Hindu,Japanese,2
2009,Hindu,Other Civilizations,2
2009,Hindu,Other Western,1
2009,Hindu,Sinic,3
2009,Hindu,United States,15
2009,Hindu,Unknown,56
2009,Islamic,Anglosphere ex-US,22
2009,Islamic,Continental Europe,11
2009,Islamic,Hindu,3
2009,Islamic,Islamic,105
2009,Islamic,Japanese,2
2009,Islamic,Other Civilizations,1
2009,Islamic,Sinic,4
2009,Islamic,United States,17
2009,Islamic,Unknown,128
2009,Japanese,Anglosphere ex-US,2
2009,Japanese,Continental Europe,9
2009,Japanese,Hindu,1
2009,Japanese,Islamic,11
2009,Japanese,Japanese,34
2009,Japanese,Other Civilizations,5
2009,Japanese,Sinic,26
2009,Japanese,United States,3
2009,Japanese,Unknown,78
2009,Other Civilizations,Anglosphere ex-US,8
2009,Other Civilizations,Continental Europe,38
2009,Other Civilizations,Islamic,5
2009,Other Civilizations,Japanese,1
2009,Other Civilizations,Other Civilizations,128
2009,Other Civilizations,Sinic,13
2009,Other Civilizations,United States,14
2009,Other Civilizations,Unknown,216
2009,Other Western,Anglosphere ex-US,1
2009,Other Western,Continental Europe,2
2009,Other Western,Other Civilizations,3
2009,Other Western,Other Western,16
2009,Other Western,United States,7
2009,Other Western,Unknown,20
2009,Sinic,Anglosphere ex-US,39
2009,Sinic,Continental Europe,10
2009,Sinic,Hindu,4
2009,Sinic,Islamic,10
2009,Sinic,Japanese,4
2009,Sinic,Other Civilizations,3
2009,Sinic,Sinic,665
2009,Sinic,United States,66
2009,Sinic,Unknown,408
2009,United States,Anglosphere ex-US,55
2009,United States,Continental Europe,77
2009,United States,Hindu,28
2009,United States,Islamic,32
2009,United States,Japanese,9
2009,United States,Other Civilizations,15
2009,United States,Other Western,8
2009,United States,Sinic,276
2009,United States,United States,205
2009,United States,Unknown,533
2010,Anglosphere ex-US,Anglosphere ex-US,136
2010,Anglosphere ex-US,Continental Europe,42
2010,Anglosphere ex-US,Hindu,13
2010,Anglosphere ex-US,Islamic,34
2010,Anglosphere ex-US,Japanese,4
2010,Anglosphere ex-US,Other Civilizations,14
2010,Anglosphere ex-US,Other Western,2
2010,Anglosphere ex-US,Sinic,89
2010,Anglosphere ex-US,United States,57
2010,Anglosphere ex-US,Unknown,343
2010,Continental Europe,Anglosphere ex-US,62
2010,Continental Europe,Continental Europe,337
2010,Continental Europe,Hindu,7
2010,Continental Europe,Islamic,45
2010,Continental Europe,Japanese,11
2010,Continental Europe,Other Civilizations,36
2010,Continental Europe,Other Western,1
2010,Continental Europe,Sinic,55
2010,Continental Europe,United States,58
2010,Continental Europe,Unknown,557
2010,Hindu,Anglosphere ex-US,5
2010,Hindu,Hindu,78
2010,Hindu,Islamic,4
2010,Hindu,Japanese,1
2010,Hindu,Sinic,3
2010,Hindu,United States,16
2010,Hindu,Unknown,59
2010,Islamic,Anglosphere ex-US,18
2010,Islamic,Continental Europe,18
2010,Islamic,Hindu,2
2010,Islamic,Islamic,149
2010,Islamic,Japanese,1
2010,Islamic,Other Civilizations,2
2010,Islamic,Sinic,5
2010,Islamic,United States,16
2010,Islamic,Unknown,166
2010,Japanese,Anglosphere ex-US,4
2010,Japanese,Continental Europe,4
2010,Japanese,Hindu,3
2010,Japanese,Islamic,7
2010,Japanese,Japanese,39
2010,Japanese,Other Civilizations,2
2010,Japanese,Sinic,26
2010,Japanese,United States,8
2010,Japanese,Unknown,88
2010,Other Civilizations,Anglosphere ex-US,10
2010,Other Civilizations,Continental Europe,22
2010,Other Civilizations,Hindu,3
2010,Other Civilizations,Islamic,6
2010,Other Civilizations,Japanese,1
2010,Other Civilizations,Other Civilizations,137
2010,Other Civilizations,Sinic,6
2010,Other Civilizations,United States,12
2010,Other Civilizations,Unknown,192
2010,Other Western,Anglosphere ex-US,1
2010,Other Western,Continental Europe,4
2010,Other Western,Other Civilizations,2
2010,Other Western,Other Western,19
2010,Other Western,Sinic,1
2010,Other Western,United States,3
2010,Other Western,Unknown,29
2010,Sinic,Anglosphere ex-US,30
2010,Sinic,Continental Europe,20
2010,Sinic,Hindu,4
2010,Sinic,Islamic,9
2010,Sinic,Japanese,4
2010,Sinic,Other Civilizations,4
2010,Sinic,Sinic,752
2010,Sinic,United States,83
2010,Sinic,Unknown,409
2010,United States,Anglosphere ex-US,66
2010,United States,Continental Europe,80
2010,United States,Hindu,28
2010,United States,Islamic,36
2010,United States,Japanese,8
2010,United States,Other Civilizations,12
2010,United States,Other Western,8
2010,United States,Sinic,234
2010,United States,United States,228
2010,United States,Unknown,495
2011,Anglosphere ex-US,Anglosphere ex-US,112
2011,Anglosphere ex-US,Continental Europe,60
2011,Anglosphere ex-US,Hindu,5
2011,Anglosphere ex-US,Islamic,51
2011,Anglosphere ex-US,Japanese,7
2011,Anglosphere ex-US,Other Civilizations,12
2011,Anglosphere ex-US,Sinic,75
2011,Anglosphere ex-US,United States,54
2011,Anglosphere ex-US,Unknown,268
2011,Continental Europe,Anglosphere ex-US,54
2011,Continental Europe,Continental Europe,350
2011,Continental Europe,Hindu,7
2011,Continental Europe,Islamic,31
2011,Continental Europe,Japanese,5
2011,Continental Europe,Other Civilizations,38
2011,Continental Europe,Sinic,39
2011,Continental Europe,United States,62
2011,Continental Europe,Unknown,496
2011,Hindu,Anglosphere ex-US,6
2011,Hindu,Continental Europe,7
2011,Hindu,Hindu,52
2011,Hindu,Islamic,3
2011,Hindu,Other Civilizations,2
2011,Hindu,United States,9
2011,Hindu,Unknown,47
2011,Islamic,Anglosphere ex-US,25
2011,Islamic,Continental Europe,18
2011,Islamic,Hindu,4
2011,Islamic,Islamic,138
2011,Islamic,Other Civilizations,4
2011,Islamic,Sinic,8
2011,Islamic,United States,19
2011,Islamic,Unknown,147
2011,Japanese,Anglosphere ex-US,3
2011,Japanese,Continental Europe,6
2011,Japanese,Islamic,12
2011,Japanese,Japanese,43
2011,Japanese,Other Civilizations,2
2011,Japanese,Sinic,28
2011,Japanese,United States,6
2011,Japanese,Unknown,69
2011,Other Civilizations,Anglosphere ex-US,13
2011,Other Civilizations,Continental Europe,33
2011,Other Civilizations,Islamic,8
2011,Other Civilizations,Japanese,1
2011,Other Civilizations,Other Civilizations,143
2011,Other Civilizations,Sinic,9
2011,Other Civilizations,United States,18
2011,Other Civilizations,Unknown,168
2011,Other Western,Anglosphere ex-US,2
2011,Other Western,Continental Europe,3
2011,Other Western,Hindu,1
2011,Other Western,Other Western,29
2011,Other Western,Sinic,1
2011,Other Western,United States,6
2011,Other Western,Unknown,29
2011,Sinic,Anglosphere ex-US,21
2011,Sinic,Continental Europe,19
2011,Sinic,Hindu,3
2011,Sinic,Islamic,9
2011,Sinic,Japanese,2
2011,Sinic,Other Civilizations,11
2011,Sinic,Sinic,734
2011,Sinic,United States,80
2011,Sinic,Unknown,368
2011,United States,Anglosphere ex-US,52
2011,United States,Continental Europe,72
2011,United States,Hindu,34
2011,United States,Islamic,24
2011,United States,Japanese,10
2011,United States,Other Civilizations,11
2011,United States,Other Western,4
2011,United States,Sinic,232
2011,United States,United States,233
2011,United States,Unknown,452
2012,Anglosphere ex-US,Anglosphere ex-US,124
2012,Anglosphere ex-US,Continental Europe,69
2012,Anglosphere ex-US,Hindu,11
2012,Anglosphere ex-US,Islamic,57
2012,Anglosphere ex-US,Japanese,8
2012,Anglosphere ex-US,Other Civilizations,12
2012,Anglosphere ex-US,Other Western,3
2012,Anglosphere ex-US,Sinic,70
2012,Anglosphere ex-US,United States,49
2012,Anglosphere ex-US,Unknown,247
2012,Continental Europe,Anglosphere ex-US,71
2012,Continental Europe,Continental Europe,400
2012,Continental Europe,Hindu,11
2012,Continental Europe,Islamic,53
2012,Continental Europe,Japanese,9
2012,Continental Europe,Other Civilizations,31
2012,Continental Europe,Other Western,4
2012,Continental Europe,Sinic,48
2012,Continental Europe,United States,68
2012,Continental Europe,Unknown,531
2012,Hindu,Anglosphere ex-US,7
2012,Hindu,Continental Europe,4
2012,Hindu,Hindu,87
2012,Hindu,Islamic,5
2012,Hindu,Japanese,1
2012,Hindu,Other Civilizations,1
2012,Hindu,Other Western,1
2012,Hindu,Sinic,3
2012,Hindu,United States,23
2012,Hindu,Unknown,69
2012,Islamic,Anglosphere ex-US,23
2012,Islamic,Continental Europe,16
2012,Islamic,Hindu,9
2012,Islamic,Islamic,181
2012,Islamic,Japanese,2
2012,Islamic,Other Civilizations,1
2012,Islamic,Sinic,3
2012,Islamic,United States,14
2012,Islamic,Unknown,188
2012,Japanese,Anglosphere ex-US,3
2012,Japanese,Continental Europe,6
2012,Japanese,Hindu,2
2012,Japanese,Islamic,5
2012,Japanese,Japanese,36
2012,Japanese,Other Civilizations,1
2012,Japanese,Sinic,21
2012,Japanese,United States,8
2012,Japanese,Unknown,66
2012,Other Civilizations,Anglosphere ex-US,9
2012,Other Civilizations,Continental Europe,26
2012,Other Civilizations,Hindu,7
2012,Other Civilizations,Islamic,7
2012,Other Civilizations,Other Civilizations,125
2012,Other Civilizations,Other Western,1
2012,Other Civilizations,Sinic,9
2012,Other Civilizations,United States,12
2012,Other Civilizations,Unknown,185
2012,Other Western,Anglosphere ex-US,2
2012,Other Western,Continental Europe,1
2012,Other Western,Other Western,17
2012,Other Western,United States,8
2012,Other Western,Unknown,17
2012,Sinic,Anglosphere ex-US,38
2012,Sinic,Continental Europe,15
2012,Sinic,Hindu,4
2012,Sinic,Islamic,8
2012,Sinic,Japanese,10
2012,Sinic,Other Civilizations,2
2012,Sinic,Sinic,703
2012,Sinic,United States,103
2012,Sinic,Unknown,389
2012,United States,Anglosphere ex-US,55
2012,United States,Continental Europe,68
2012,United States,Hindu,40
2012,United States,Islamic,24
2012,United States,Japanese,11
2012,United States,Other Civilizations,11
2012,United States,Other Western,8
2012,United States,Sinic,201
2012,United States,United States,229
2012,United States,Unknown,444
2013,Anglosphere ex-US,Anglosphere ex-US,127
2013,Anglosphere ex-US,Continental Europe,37
2013,Anglosphere ex-US,Hindu,9
2013,Anglosphere ex-US,Islamic,44
2013,Anglosphere ex-US,Japanese,2
2013,Anglosphere ex-US,Other Civilizations,17
2013,Anglosphere ex-US,Other Western,2
2013,Anglosphere ex-US,Sinic,58
2013,Anglosphere ex-US,United States,51
2013,Anglosphere ex-US,Unknown,273
2013,Continental Europe,Anglosphere ex-US,84
2013,Continental Europe,Continental Europe,381
2013,Continental Europe,Hindu,15
2013,Continental Europe,Islamic,54
2013,Continental Europe,Japanese,7
2013,Continental Europe,Other Civilizations,38
2013,Continental Europe,Other Western,2
2013,Continental Europe,Sinic,38
2013,Continental Europe,United States,60
2013,Continental Europe,Unknown,465
2013,Hindu,Anglosphere ex-US,10
2013,Hindu,Continental Europe,9
2013,Hindu,Hindu,96
2013,Hindu,Islamic,4
2013,Hindu,Japanese,2
2013,Hindu,Sinic,7
2013,Hindu,United States,25
2013,Hindu,Unknown,86
2013,Islamic,Anglosphere ex-US,27
2013,Islamic,Continental Europe,13
2013,Islamic,Hindu,9
2013,Islamic,Islamic,183
2013,Islamic,Japanese,1
2013,Islamic,Other Civilizations,3
2013,Islamic,Other Western,1
2013,Islamic,Sinic,7
2013,Islamic,United States,32
2013,Islamic,Unknown,197
2013,Japanese,Anglosphere ex-US,6
2013,Japanese,Continental Europe,3
2013,Japanese,Hindu,2
2013,Japanese,Islamic,9
2013,Japanese,Japanese,41
2013,Japanese,Other Civilizations,6
2013,Japanese,Sinic,12
2013,Japanese,United States,13
2013,Japanese,Unknown,57
2013,Other Civilizations,Anglosphere ex-US,8
2013,Other Civilizations,Continental Europe,40
2013,Other Civilizations,Hindu,9
2013,Other Civilizations,Islamic,8
2013,Other Civilizations,Other Civilizations,140
2013,Other Civilizations,Sinic,10
2013,Other Civilizations,United States,11
2013,Other Civilizations,Unknown,171
2013,Other Western,Anglosphere ex-US,2
2013,Other Western,Continental Europe,5
2013,Other Western,Other Western,23
2013,Other Western,United States,5
2013,Other Western,Unknown,19
2013,Sinic,Anglosphere ex-US,46
2013,Sinic,Continental Europe,29
2013,Sinic,Hindu,6
2013,Sinic,Islamic,13
2013,Sinic,Japanese,3
2013,Sinic,Other Civilizations,9
2013,Sinic,Other Western,3
2013,Sinic,Sinic,684
2013,Sinic,United States,110
2013,Sinic,Unknown,400
2013,United States,Anglosphere ex-US,61
2013,United States,Continental Europe,73
2013,United States,Hindu,35
2013,United States,Islamic,28
2013,United States,Japanese,2
2013,United States,Other Civilizations,21
2013,United States,Other Western,16
2013,United States,Sinic,164
2013,United States,United States,265
2013,United States,Unknown,432
2014,Anglosphere ex-US,Anglosphere ex-US,155
2014,Anglosphere ex-US,Continental Europe,63
2014,Anglosphere ex-US,Hindu,7
2014,Anglosphere ex-US,Islamic,56
2014,Anglosphere ex-US,Japanese,4
2014,Anglosphere ex-US,Other Civilizations,17
2014,Anglosphere ex-US,Other Western,2
2014,Anglosphere ex-US,Sinic,68
2014,Anglosphere ex-US,United States,66
2014,Anglosphere ex-US,Unknown,235
2014,Continental Europe,Anglosphere ex-US,100
2014,Continental Europe,Continental Europe,390
2014,Continental Europe,Hindu,10
2014,Continental Europe,Islamic,41
2014,Continental Europe,Japanese,5
2014,Continental Europe,Other Civilizations,37
2014,Continental Europe,Other Western,7
2014,Continental Europe,Sinic,71
2014,Continental Europe,United States,103
2014,Continental Europe,Unknown,496
2014,Hindu,Anglosphere ex-US,9
2014,Hindu,Continental Europe,7
2014,Hindu,Hindu,82
2014,Hindu,Islamic,4
2014,Hindu,Other Civilizations,2
2014,Hindu,Sinic,6
2014,Hindu,United States,17
2014,Hindu,Unknown,75
2014,Islamic,Anglosphere ex-US,35
2014,Islamic,Continental Europe,34
2014,Islamic,Hindu,9
2014,Islamic,Islamic,213
2014,Islamic,Japanese,1
2014,Islamic,Other Civilizations,4
2014,Islamic,Sinic,8
2014,Islamic,United States,33
2014,Islamic,Unknown,229
2014,Japanese,Anglosphere ex-US,4
2014,Japanese,Continental Europe,8
2014,Japanese,Hindu,1
2014,Japanese,Islamic,13
2014,Japanese,Japanese,65
2014,Japanese,Other Civilizations,2
2014,Japanese,Sinic,24
2014,Japanese,United States,9
2014,Japanese,Unknown,70
2014,Other Civilizations,Anglosphere ex-US,14
2014,Other Civilizations,Continental Europe,48
2014,Other Civilizations,Hindu,3
2014,Other Civilizations,Islamic,8
2014,Other Civilizations,Japanese,6
2014,Other Civilizations,Other Civilizations,188
2014,Other Civilizations,Other Western,2
2014,Other Civilizations,Sinic,9
2014,Other Civilizations,United States,26
2014,Other Civilizations,Unknown,203
2014,Other Western,Anglosphere ex-US,4
2014,Other Western,Continental Europe,1
2014,Other Western,Other Western,29
2014,Other Western,Sinic,3
2014,Other Western,United States,5
2014,Other Western,Unknown,26
2014,Sinic,Anglosphere ex-US,45
2014,Sinic,Continental Europe,29
2014,Sinic,Hindu,5
2014,Sinic,Islamic,20
2014,Sinic,Japanese,11
2014,Sinic,Other Civilizations,8
2014,Sinic,Other Western,2
2014,Sinic,Sinic,757
2014,Sinic,United States,137
2014,Sinic,Unknown,423
2014,United States,Anglosphere ex-US,72
2014,United States,Continental Europe,79
2014,United States,Hindu,31
2014,United States,Islamic,50
2014,United States,Japanese,9
2014,United States,Other Civilizations,19
2014,United States,Other Western,9
2014,United States,Sinic,160
2014,United States,United States,247
2014,United States,Unknown,427
2015,Anglosphere ex-US,Anglosphere ex-US,181
2015,Anglosphere ex-US,Continental Europe,54
2015,Anglosphere ex-US,Hindu,9
2015,Anglosphere ex-US,Islamic,55
2015,Anglosphere ex-US,Japanese,3
2015,Anglosphere ex-US,Other Civilizations,16
2015,Anglosphere ex-US,Other Western,7
2015,Anglosphere ex-US,Sinic,60
2015,Anglosphere ex-US,United States,61
2015,Anglosphere ex-US,Unknown,236
2015,Continental Europe,Anglosphere ex-US,82
2015,Continental Europe,Continental Europe,437
2015,Continental Europe,Hindu,13
2015,Continental Europe,Islamic,52
2015,Continental Europe,Japanese,4
2015,Continental Europe,Other Civilizations,43
2015,Continental Europe,Other Western,8
2015,Continental Europe,Sinic,54
2015,Continental Europe,United States,90
2015,Continental Europe,Unknown,455
2015,Hindu,Anglosphere ex-US,11
2015,Hindu,Continental Europe,10
2015,Hindu,Hindu,100
2015,Hindu,Islamic,11
2015,Hindu,Japanese,1
2015,Hindu,Other Civilizations,2
2015,Hindu,Other Western,1
2015,Hindu,Sinic,5
2015,Hindu,United States,22
2015,Hindu,Unknown,89
2015,Islamic,Anglosphere ex-US,40
2015,Islamic,Continental Europe,36
2015,Islamic,Hindu,7
2015,Islamic,Islamic,240
2015,Islamic,Japanese,2
2015,Islamic,Other Civilizations,9
2015,Islamic,Sinic,16
2015,Islamic,United States,39
2015,Islamic,Unknown,185
2015,Japanese,Anglosphere ex-US,6
2015,Japanese,Continental Europe,4
2015,Japanese,Hindu,1
2015,Japanese,Islamic,5
2015,Japanese,Japanese,52
2015,Japanese,Other Civilizations,3
2015,Japanese,Sinic,19
2015,Japanese,United States,9
2015,Japanese,Unknown,58
2015,Other Civilizations,Anglosphere ex-US,11
2015,Other Civilizations,Continental Europe,47
2015,Other Civilizations,Hindu,5
2015,Other Civilizations,Islamic,6
2015,Other Civilizations,Japanese,2
2015,Other Civilizations,Other Civilizations,161
2015,Other Civilizations,Other Western,1
2015,Other Civilizations,Sinic,8
2015,Other Civilizations,United States,21
2015,Other Civilizations,Unknown,200
2015,Other Western,Anglosphere ex-US,2
2015,Other Western,Continental Europe,3
2015,Other Western,Japanese,1
2015,Other Western,Other Western,29
2015,Other Western,United States,4
2015,Other Western,Unknown,14
2015,Sinic,Anglosphere ex-US,46
2015,Sinic,Continental Europe,24
2015,Sinic,Hindu,5
2015,Sinic,Islamic,25
2015,Sinic,Japanese,5
2015,Sinic,Other Civilizations,11
2015,Sinic,Other Western,1
2015,Sinic,Sinic,615
2015,Sinic,United States,116
2015,Sinic,Unknown,330
2015,United States,Anglosphere ex-US,73
2015,United States,Continental Europe,71
2015,United States,Hindu,31
2015,United States,Islamic,39
2015,United States,Japanese,13
2015,United States,Other Civilizations,23
2015,United States,Other Western,8
2015,United States,Sinic,152
2015,United States,United States,294
2015,United States,Unknown,337
2016,Anglosphere ex-US,Anglosphere ex-US,162
2016,Anglosphere ex-US,Continental Europe,67
2016,Anglosphere ex-US,Hindu,5
2016,Anglosphere ex-US,Islamic,55
2016,Anglosphere ex-US,Japanese,3
2016,Anglosphere ex-US,Other Civilizations,13
2016,Anglosphere ex-US,Other Western,3
2016,Anglosphere ex-US,Sinic,53
2016,Anglosphere ex-US,United States,82
2016,Anglosphere ex-US,Unknown,192
2016,Continental Europe,Anglosphere ex-US,110
2016,Continental Europe,Continental Europe,468
2016,Continental Europe,Hindu,12
2016,Continental Europe,Islamic,31
2016,Continental Europe,Japanese,6
2016,Continental Europe,Other Civilizations,48
2016,Continental Europe,Other Western,5
2016,Continental Europe,Sinic,45
2016,Continental Europe,United States,86
2016,Continental Europe,Unknown,446
2016,Hindu,Anglosphere ex-US,16
2016,Hindu,Continental Europe,14
2016,Hindu,Hindu,120
2016,Hindu,Islamic,3
2016,Hindu,Japanese,1
2016,Hindu,Other Civilizations,4
2016,Hindu,Other Western,1
2016,Hindu,Sinic,8
2016,Hindu,United States,46
2016,Hindu,Unknown,81
2016,Islamic,Anglosphere ex-US,35
2016,Islamic,Continental Europe,46
2016,Islamic,Hindu,2
2016,Islamic,Islamic,242
2016,Islamic,Japanese,1
2016,Islamic,Other Civilizations,7
2016,Islamic,Sinic,8
2016,Islamic,United States,39
2016,Islamic,Unknown,186
2016,Japanese,Anglosphere ex-US,3
2016,Japanese,Continental Europe,3
2016,Japanese,Islamic,10
2016,Japanese,Japanese,35
2016,Japanese,Other Civilizations,2
2016,Japanese,Sinic,19
2016,Japanese,United States,9
2016,Japanese,Unknown,51
2016,Other Civilizations,Anglosphere ex-US,16
2016,Other Civilizations,Continental Europe,50
2016,Other Civilizations,Hindu,1
2016,Other Civilizations,Islamic,9
2016,Other Civilizations,Japanese,2
2016,Other Civilizations,Other Civilizations,153
2016,Other Civilizations,Sinic,10
2016,Other Civilizations,United States,20
2016,Other Civilizations,Unknown,200
2016,Other Western,Continental Europe,3
2016,Other Western,Hindu,1
2016,Other Western,Islamic,1
2016,Other Western,Other Western,20
2016,Other Western,Sinic,1
2016,Other Western,United States,9
2016,Other Western,Unknown,7
2016,Sinic,Anglosphere ex-US,50
2016,Sinic,Continental Europe,34
2016,Sinic,Hindu,6
2016,Sinic,Islamic,27
2016,Sinic,Japanese,6
2016,Sinic,Other Civilizations,11
2016,Sinic,Other Western,2
2016,Sinic,Sinic,663
2016,Sinic,United States,137
2016,Sinic,Unknown,283
2016,United States,Anglosphere ex-US,48
2016,United States,Continental Europe,77
2016,United States,Hindu,33
2016,United States,Islamic,57
2016,United States,Japanese,8
2016,United States,Other Civilizations,12
2016,United States,Other Western,11
2016,United States,Sinic,135
2016,United States,United States,304
2016,United States,Unknown,343
2017,Anglosphere ex-US,Anglosphere ex-US,125
2017,Anglosphere ex-US,Continental Europe,56
2017,Anglosphere ex-US,Hindu,12
2017,Anglosphere ex-US,Islamic,45
2017,Anglosphere ex-US,Japanese,7
2017,Anglosphere ex-US,Other Civilizations,13
2017,Anglosphere ex-US,Other Western,1
2017,Anglosphere ex-US,Sinic,47
2017,Anglosphere ex-US,United States,58
2017,Anglosphere ex-US,Unknown,147
2017,Continental Europe,Anglosphere ex-US,90
2017,Continental Europe,Continental Europe,365
2017,Continental Europe,Hindu,8
2017,Continental Europe,Islamic,40
2017,Continental Europe,Japanese,6
2017,Continental Europe,Other Civilizations,30
2017,Continental Europe,Other Western,6
2017,Continental Europe,Sinic,54
2017,Continental Europe,United States,84
2017,Continental Europe,Unknown,243
2017,Hindu,Anglosphere ex-US,13
2017,Hindu,Continental Europe,19
2017,Hindu,Hindu,105
2017,Hindu,Islamic,17
2017,Hindu,Japanese,2
2017,Hindu,Other Civilizations,4
2017,Hindu,Sinic,8
2017,Hindu,United States,53
2017,Hindu,Unknown,57
2017,Islamic,Anglosphere ex-US,38
2017,Islamic,Continental Europe,55
2017,Islamic,Hindu,6
2017,Islamic,Islamic,177
2017,Islamic,Japanese,2
2017,Islamic,Other Civilizations,7
2017,Islamic,Sinic,16
2017,Islamic,United States,32
2017,Islamic,Unknown,120
2017,Japanese,Anglosphere ex-US,2
2017,Japanese,Continental Europe,7
2017,Japanese,Hindu,2
2017,Japanese,Islamic,9
2017,Japanese,Japanese,41
2017,Japanese,Other Civilizations,4
2017,Japanese,Sinic,13
2017,Japanese,United States,8
2017,Japanese,Unknown,26
2017,Other Civilizations,Anglosphere ex-US,18
2017,Other Civilizations,Continental Europe,49
2017,Other Civilizations,Hindu,5
2017,Other Civilizations,Islamic,13
2017,Other Civilizations,Japanese,1
2017,Other Civilizations,Other Civilizations,128
2017,Other Civilizations,Sinic,3
2017,Other Civilizations,United States,15
2017,Other Civilizations,Unknown,70
2017,Other Western,Anglosphere ex-US,2
2017,Other Western,Continental Europe,1
2017,Other Western,Hindu,1
2017,Other Western,Japanese,1
2017,Other Western,Other Western,16
2017,Other Western,Sinic,1
2017,Other Western,United States,6
2017,Other Western,Unknown,8
2017,Sinic,Anglosphere ex-US,56
2017,Sinic,Continental Europe,28
2017,Sinic,Hindu,7
2017,Sinic,Islamic,18
2017,Sinic,Japanese,9
2017,Sinic,Other Civilizations,9
2017,Sinic,Other Western,3
2017,Sinic,Sinic,501
2017,Sinic,United States,137
2017,Sinic,Unknown,179
2017,United States,Anglosphere ex-US,54
2017,United States,Continental Europe,53
2017,United States,Hindu,26
2017,United States,Islamic,31
2017,United States,Japanese,12
2017,United States,Other Civilizations,15
2017,United States,Other Western,11
2017,United States,Sinic,164
2017,United States,United States,217
2017,United States,Unknown,191
2018,Anglosphere ex-US,Anglosphere ex-US,121
2018,Anglosphere ex-US,Continental Europe,57
2018,Anglosphere ex-US,Hindu,9
2018,Anglosphere ex-US,Islamic,48
2018,Anglosphere ex-US,Other Civilizations,15
2018,Anglosphere ex-US,Other Western,2
2018,Anglosphere ex-US,Sinic,75
2018,Anglosphere ex-US,United States,74
2018,Anglosphere ex-US,Unknown,90
2018,Continental Europe,Anglosphere ex-US,114
2018,Continental Europe,Continental Europe,321
2018,Continental Europe,Hindu,10
2018,Continental Europe,Islamic,27
2018,Continental Europe,Japanese,7
2018,Continental Europe,Other Civilizations,38
2018,Continental Europe,Other Western,2
2018,Continental Europe,Sinic,56
2018,Continental Europe,United States,93
2018,Continental Europe,Unknown,154
2018,Hindu,Anglosphere ex-US,26
2018,Hindu,Continental Europe,22
2018,Hindu,Hindu,96
2018,Hindu,Islamic,15
2018,Hindu,Other Civilizations,6
2018,Hindu,Sinic,13
2018,Hindu,United States,67
2018,Hindu,Unknown,52
2018,Islamic,Anglosphere ex-US,56
2018,Islamic,Continental Europe,58
2018,Islamic,Hindu,5
2018,Islamic,Islamic,197
2018,Islamic,Japanese,5
2018,Islamic,Other Civilizations,11
2018,Islamic,Sinic,16
2018,Islamic,United States,44
2018,Islamic,Unknown,91
2018,Japanese,Anglosphere ex-US,2
2018,Japanese,Continental Europe,8
2018,Japanese,Islamic,2
2018,Japanese,Japanese,33
2018,Japanese,Other Civilizations,2
2018,Japanese,Sinic,19
2018,Japanese,United States,9
2018,Japanese,Unknown,15
2018,Other Civilizations,Anglosphere ex-US,22
2018,Other Civilizations,Continental Europe,50
2018,Other Civilizations,Hindu,2
2018,Other Civilizations,Islamic,7
2018,Other Civilizations,Japanese,3
2018,Other Civilizations,Other Civilizations,138
2018,Other Civilizations,Sinic,10
2018,Other Civilizations,United States,13
2018,Other Civilizations,Unknown,51
2018,Other Western,Anglosphere ex-US,4
2018,Other Western,Hindu,2
2018,Other Western,Other Civilizations,1
2018,Other Western,Other Western,22
2018,Other Western,United States,7
2018,Other Western,Unknown,5
2018,Sinic,Anglosphere ex-US,60
2018,Sinic,Continental Europe,32
2018,Sinic,Hindu,3
2018,Sinic,Islamic,22
2018,Sinic,Japanese,7
2018,Sinic,Other Civilizations,1
2018,Sinic,Other Western,1
2018,Sinic,Sinic,453
2018,Sinic,United States,177
2018,Sinic,Unknown,103
2018,United States,Anglosphere ex-US,57
2018,United States,Continental Europe,54
2018,United States,Hindu,19
2018,United States,Islamic,27
2018,United States,Japanese,11
2018,United States,Other Civilizations,14
2018,United States,Other Western,6
2018,United States,Sinic,146
2018,United States,United States,240
2018,United States,Unknown,119
2019,Anglosphere ex-US,Anglosphere ex-US,124
2019,Anglosphere ex-US,Continental Europe,57
2019,Anglosphere ex-US,Hindu,5
2019,Anglosphere ex-US,Islamic,37
2019,Anglosphere ex-US,Japanese,5
2019,Anglosphere ex-US,Other Civilizations,10
2019,Anglosphere ex-US,Other Western,5
2019,Anglosphere ex-US,Sinic,63
2019,Anglosphere ex-US,United States,65
2019,Anglosphere ex-US,Unknown,55
2019,Continental Europe,Anglosphere ex-US,89
2019,Continental Europe,Continental Europe,256
2019,Continental Europe,Hindu,7
2019,Continental Europe,Islamic,40
2019,Continental Europe,Japanese,6
2019,Continental Europe,Other Civilizations,29
2019,Continental Europe,Other Western,2
2019,Continental Europe,Sinic,49
2019,Continental Europe,United States,75
2019,Continental Europe,Unknown,102
2019,Hindu,Anglosphere ex-US,22
2019,Hindu,Continental Europe,21
2019,Hindu,Hindu,101
2019,Hindu,Islamic,17
2019,Hindu,Japanese,1
2019,Hindu,Other Civilizations,5
2019,Hindu,Other Western,2
2019,Hindu,Sinic,9
2019,Hindu,United States,55
2019,Hindu,Unknown,39
2019,Islamic,Anglosphere ex-US,46
2019,Islamic,Continental Europe,54
2019,Islamic,Hindu,5
2019,Islamic,Islamic,131
2019,Islamic,Japanese,3
2019,Islamic,Other Civilizations,10
2019,Islamic,Other Western,1
2019,Islamic,Sinic,14
2019,Islamic,United States,59
2019,Islamic,Unknown,46
2019,Japanese,Anglosphere ex-US,4
2019,Japanese,Continental Europe,10
2019,Japanese,Hindu,2
2019,Japanese,Islamic,4
2019,Japanese,Japanese,23
2019,Japanese,Other Civilizations,5
2019,Japanese,Sinic,14
2019,Japanese,United States,8
2019,Japanese,Unknown,10
2019,Other Civilizations,Anglosphere ex-US,12
2019,Other Civilizations,Continental Europe,46
2019,Other Civilizations,Hindu,1
2019,Other Civilizations,Islamic,9
2019,Other Civilizations,Japanese,4
2019,Other Civilizations,Other Civilizations,103
2019,Other Civilizations,Other Western,2
2019,Other Civilizations,Sinic,9
2019,Other Civilizations,United States,9
2019,Other Civilizations,Unknown,40
2019,Other Western,Anglosphere ex-US,8
2019,Other Western,Continental Europe,3
2019,Other Western,Japanese,1
2019,Other Western,Other Western,7
2019,Other Western,Sinic,1
2019,Other Western,United States,14
2019,Other Western,Unknown,2
2019,Sinic,Anglosphere ex-US,55
2019,Sinic,Continental Europe,42
2019,Sinic,Hindu,4
2019,Sinic,Islamic,31
2019,Sinic,Japanese,11
2019,Sinic,Other Civilizations,4
2019,Sinic,Other Western,2
2019,Sinic,Sinic,434
2019,Sinic,United States,162
2019,Sinic,Unknown,73
2019,United States,Anglosphere ex-US,59
2019,United States,Continental Europe,64
2019,United States,Hindu,13
2019,United States,Islamic,30
2019,United States,Japanese,9
2019,United States,Other Civilizations,10
2019,United States,Other Western,16
2019,United States,Sinic,140
2019,United States,United States,236
2019,United States,Unknown,88
2020,Anglosphere ex-US,Anglosphere ex-US,70
2020,Anglosphere ex-US,Continental Europe,48
2020,Anglosphere ex-US,Hindu,7
2020,Anglosphere ex-US,Islamic,36
2020,Anglosphere ex-US,Japanese,3
2020,Anglosphere ex-US,Other Civilizations,12
2020,Anglosphere ex-US,Other Western,1
2020,Anglosphere ex-US,Sinic,29
2020,Anglosphere ex-US,United States,49
2020,Anglosphere ex-US,Unknown,151
2020,Continental Europe,Anglosphere ex-US,80
2020,Continental Europe,Continental Europe,189
2020,Continental Europe,Hindu,6
2020,Continental Europe,Islamic,24
2020,Continental Europe,Japanese,6
2020,Continental Europe,Other Civilizations,19
2020,Continental Europe,Other Western,5
2020,Continental Europe,Sinic,35
2020,Continental Europe,United States,64
2020,Continental Europe,Unknown,192
2020,Hindu,Anglosphere ex-US,12
2020,Hindu,Continental Europe,25
2020,Hindu,Hindu,72
2020,Hindu,Islamic,17
2020,Hindu,Japanese,1
2020,Hindu,Other Civilizations,2
2020,Hindu,Other Western,3
2020,Hindu,Sinic,12
2020,Hindu,United States,42
2020,Hindu,Unknown,99
2020,Islamic,Anglosphere ex-US,43
2020,Islamic,Continental Europe,48
2020,Islamic,Hindu,7
2020,Islamic,Islamic,127
2020,Islamic,Japanese,1
2020,Islamic,Other Civilizations,11
2020,Islamic,Sinic,10
2020,Islamic,United States,44
2020,Islamic,Unknown,121
2020,Japanese,Anglosphere ex-US,4
2020,Japanese,Continental Europe,2
2020,Japanese,Islamic,4
2020,Japanese,Japanese,28
2020,Japanese,Other Civilizations,1
2020,Japanese,Sinic,13
2020,Japanese,United States,7
2020,Japanese,Unknown,27
2020,Other Civilizations,Anglosphere ex-US,20
2020,Other Civilizations,Continental Europe,28
2020,Other Civilizations,Hindu,1
2020,Other Civilizations,Islamic,4
2020,Other Civilizations,Japanese,4
2020,Other Civilizations,Other Civilizations,66
2020,Other Civilizations,Other Western,2
2020,Other Civilizations,Sinic,7
2020,Other Civilizations,United States,15
2020,Other Civilizations,Unknown,85
2020,Other Western,Anglosphere ex-US,2
2020,Other Western,Continental Europe,2
2020,Other Western,Other Western,12
2020,Other Western,United States,7
2020,Other Western,Unknown,4
2020,Sinic,Anglosphere ex-US,37
2020,Sinic,Continental Europe,26
2020,Sinic,Hindu,1
2020,Sinic,Islamic,13
2020,Sinic,Japanese,9
2020,Sinic,Other Civilizations,3
2020,Sinic,Other Western,1
2020,Sinic,Sinic,328
2020,Sinic,United States,101
2020,Sinic,Unknown,150
2020,United States,Anglosphere ex-US,57
2020,United States,Continental Europe,35
2020,United States,Hindu,14
2020,United States,Islamic,24
2020,United States,Japanese,10
2020,United States,Other Civilizations,10
2020,United States,Other Western,5
2020,United States,Sinic,113
2020,United States,United States,188
2020,United States,Unknown,252
2021,Anglosphere ex-US,Anglosphere ex-US,56
2021,Anglosphere ex-US,Continental Europe,44
2021,Anglosphere ex-US,Hindu,7
2021,Anglosphere ex-US,Islamic,34
2021,Anglosphere ex-US,Japanese,2
2021,Anglosphere ex-US,Other Civilizations,14
2021,Anglosphere ex-US,Other Western,2
2021,Anglosphere ex-US,Sinic,46
2021,Anglosphere ex-US,United States,52
2021,Continental Europe,Anglosphere ex-US,63
2021,Continental Europe,Continental Europe,128
2021,Continental Europe,Hindu,9
2021,Continental Europe,Islamic,26
2021,Continental Europe,Japanese,5
2021,Continental Europe,Other Civilizations,32
2021,Continental Europe,Other Western,3
2021,Continental Europe,Sinic,38
2021,Continental Europe,United States,68
2021,Hindu,Anglosphere ex-US,17
2021,Hindu,Continental Europe,27
2021,Hindu,Hindu,48
2021,Hindu,Islamic,21
2021,Hindu,Japanese,3
2021,Hindu,Other Civilizations,2
2021,Hindu,Other Western,1
2021,Hindu,Sinic,18
2021,Hindu,United States,50
2021,Islamic,Anglosphere ex-US,41
2021,Islamic,Continental Europe,44
2021,Islamic,Hindu,5
2021,Islamic,Islamic,93
2021,Islamic,Japanese,2
2021,Islamic,Other Civilizations,8
2021,Islamic,Sinic,22
2021,Islamic,United States,40
2021,Japanese,Anglosphere ex-US,2
2021,Japanese,Continental Europe,4
2021,Japanese,Hindu,2
2021,Japanese,Islamic,2
2021,Japanese,Japanese,9
2021,Japanese,Other Civilizations,3
2021,Japanese,Other Western,1
2021,Japanese,Sinic,18
2021,Japanese,United States,9
2021,Other Civilizations,Anglosphere ex-US,17
2021,Other Civilizations,Continental Europe,47
2021,Other Civilizations,Hindu,4
2021,Other Civilizations,Islamic,8
2021,Other Civilizations,Japanese,1
2021,Other Civilizations,Other Civilizations,48
2021,Other Civilizations,Sinic,8
2021,Other Civilizations,United States,24
2021,Other Western,Continental Europe,2
2021,Other Western,Hindu,2
2021,Other Western,Islamic,1
2021,Other Western,Japanese,1
2021,Other Western,Other Western,7
2021,Other Western,United States,4
2021,Sinic,Anglosphere ex-US,50
2021,Sinic,Continental Europe,38
2021,Sinic,Hindu,6
2021,Sinic,Islamic,19
2021,Sinic,Japanese,13
2021,Sinic,Other Civilizations,6
2021,Sinic,Other Western,2
2021,Sinic,Sinic,197
2021,Sinic,United States,134
2021,United States,Anglosphere ex-US,52
2021,United States,Continental Europe,76
2021,United States,Hindu,23
2021,United States,Islamic,31
2021,United States,Japanese,8
2021,United States,Other Civilizations,19
2021,United States,Other Western,14
2021,United States,Sinic,129
2021,United States,United States,127
2022,Anglosphere ex-US,Anglosphere ex-US,27
2022,Anglosphere ex-US,Continental Europe,23
2022,Anglosphere ex-US,Hindu,5
2022,Anglosphere ex-US,Islamic,8
2022,Anglosphere ex-US,Other Civilizations,5
2022,Anglosphere ex-US,Sinic,10
2022,Anglosphere ex-US,United States,23
2022,Continental Europe,Anglosphere ex-US,17
2022,Continental Europe,Continental Europe,60
2022,Continental Europe,Hindu,5
2022,Continental Europe,Islamic,10
2022,Continental Europe,Japanese,4
2022,Continental Europe,Other Civilizations,16
2022,Continental Europe,Other Western,3
2022,Continental Europe,Sinic,21
2022,Continental Europe,United States,42
2022,Hindu,Anglosphere ex-US,7
2022,Hindu,Continental Europe,11
2022,Hindu,Hindu,31
2022,Hindu,Islamic,10
2022,Hindu,Other Civilizations,4
2022,Hindu,Sinic,7
2022,Hindu,United States,23
2022,Islamic,Anglosphere ex-US,15
2022,Islamic,Continental Europe,31
2022,Islamic,Hindu,7
2022,Islamic,Islamic,60
2022,Islamic,Japanese,1
2022,Islamic,Other Civilizations,4
2022,Islamic,Sinic,10
2022,Islamic,United States,17
2022,Japanese,Continental Europe,2
2022,Japanese,Islamic,5
2022,Japanese,Japanese,3
2022,Japanese,Other Western,1
2022,Japanese,Sinic,1
2022,Japanese,United States,6
2022,Other Civilizations,Anglosphere ex-US,7
2022,Other Civilizations,Continental Europe,26
2022,Other Civilizations,Islamic,3
2022,Other Civilizations,Japanese,1
2022,Other Civilizations,Other Civilizations,30
2022,Other Civilizations,Other Western,1
2022,Other Civilizations,Sinic,6
2022,Other Civilizations,United States,8
2022,Other Western,Islamic,1
2022,Other Western,Other Western,1
2022,Other Western,Sinic,1
2022,Other Western,United States,2
2022,Sinic,Anglosphere ex-US,23
2022,Sinic,Continental Europe,17
2022,Sinic,Hindu,2
2022,Sinic,Islamic,7
2022,Sinic,Japanese,5
2022,Sinic,Other Civilizations,3
2022,Sinic,Other Western,1
2022,Sinic,Sinic,112
2022,Sinic,United States,48
2022,United States,Anglosphere ex-US,22
2022,United States,Continental Europe,20
2022,United States,Hindu,19
2022,United States,Islamic,15
2022,United States,Japanese,3
2022,United States,Other Civilizations,3
2022,United States,Other Western,1
2022,United States,Sinic,58
2022,United States,United States,66
2023,Anglosphere ex-US,Anglosphere ex-US,5
2023,Anglosphere ex-US,Continental Europe,12
2023,Anglosphere ex-US,Hindu,3
2023,Anglosphere ex-US,Islamic,6
2023,Anglosphere ex-US,Japanese,3
2023,Anglosphere ex-US,Other Civilizations,1
2023,Anglosphere ex-US,Other Western,2
2023,Anglosphere ex-US,Sinic,10
2023,Anglosphere ex-US,United States,23
2023,Continental Europe,Anglosphere ex-US,18
2023,Continental Europe,Continental Europe,17
2023,Continental Europe,Hindu,3
2023,Continental Europe,Islamic,9
2023,Continental Europe,Japanese,3
2023,Continental Europe,Other Civilizations,8
2023,Continental Europe,Other Western,3
2023,Continental Europe,Sinic,8
2023,Continental Europe,United States,6
2023,Hindu,Anglosphere ex-US,7
2023,Hindu,Continental Europe,6
2023,Hindu,Hindu,9
2023,Hindu,Islamic,5
2023,Hindu,Japanese,2
2023,Hindu,Other Civilizations,2
2023,Hindu,Sinic,1
2023,Hindu,United States,5
2023,Islamic,Anglosphere ex-US,6
2023,Islamic,Continental Europe,4
2023,Islamic,Islamic,6
2023,Islamic,Other Civilizations,1
2023,Islamic,Sinic,1
2023,Islamic,United States,1
2023,Japanese,Anglosphere ex-US,2
2023,Japanese,Continental Europe,2
2023,Japanese,Japanese,1
2023,Japanese,Other Civilizations,1
2023,Japanese,Other Western,1
2023,Japanese,Sinic,4
2023,Japanese,United States,3
2023,Other Civilizations,Anglosphere ex-US,2
2023,Other Civilizations,Continental Europe,9
2023,Other Civilizations,Hindu,1
2023,Other Civilizations,Islamic,1
2023,Other Civilizations,Other Civilizations,4
2023,Other Civilizations,Other Western,1
2023,Other Civilizations,United States,8
2023,Other Western,Continental Europe,2
2023,Other Western,Hindu,1
2023,Other Western,Other Western,3
2023,Other Western,United States,4
2023,Sinic,Anglosphere ex-US,13
2023,Sinic,Continental Europe,8
2023,Sinic,Japanese,9
2023,Sinic,Other Civilizations,2
2023,Sinic,Other Western,2
2023,Sinic,Sinic,76
2023,Sinic,United States,24
2023,United States,Anglosphere ex-US,26
2023,United States,Continental Europe,19
2023,United States,Hindu,21
2023,United States,Islamic,3
2023,United States,Japanese,10
2023,United States,Other Civilizations,4
2023,United States,Other Western,8
2023,United States,Sinic,40
2023,United States,United States,21
