rate,value,target_value_after_1pct_change,elasticity,group,target,M_threshold,period
r,0.06989027048757634,65433.40154037354,1.010101010100614,Anglosphere ex-US,domestic_active,3183.4920212765956,early
I0,1989.4545454549384,65426.858200219765,1.0000000000000107,Anglosphere ex-US,domestic_active,3183.4920212765956,early
h_D,0.08576273799047962,65096.84211211797,0.4905513451940658,Anglosphere ex-US,domestic_active,3183.4920212765956,early
p_D,0.09057931351661067,64984.974640892346,0.3178605740857842,Anglosphere ex-US,domestic_active,3183.4920212765956,early
beta,0.022513037499209652,64886.94768157303,0.16653551945833184,Anglosphere ex-US,domestic_active,3183.4920212765956,early
h_A,0.15406033691084076,64798.649596038274,0.03022901041400181,Anglosphere ex-US,domestic_active,3183.4920212765956,early
p_A,0.14047511854289335,64787.19217997361,0.012542099344697296,Anglosphere ex-US,domestic_active,3183.4920212765956,early
alpha,0.048020645478637,64601.58985124741,-0.273973801265722,Anglosphere ex-US,domestic_active,3183.4920212765956,early
d,0.050061078794751655,63051.2533681317,-2.667241476071489,Anglosphere ex-US,domestic_active,3183.4920212765956,early
r,0.06989027048757634,28752.929869837815,1.010101010100618,Anglosphere ex-US,domestic_PIs,614.0,early
I0,1989.4545454549384,28750.054576850944,1.0000000000000024,Anglosphere ex-US,domestic_PIs,614.0,early
h_D,0.08576273799047962,28682.85440867685,0.7639233356082578,Anglosphere ex-US,domestic_PIs,614.0,early
p_D,0.09057931351661067,28646.361142482063,0.6357211481716766,Anglosphere ex-US,domestic_PIs,614.0,early
beta,0.022513037499209652,28523.303749559793,0.20341599717009434,Anglosphere ex-US,domestic_PIs,614.0,early
h_A,0.15406033691084076,28480.28611062263,0.05229344813146478,Anglosphere ex-US,domestic_PIs,614.0,early
p_A,0.14047511854289335,28472.540888776544,0.025084198689394807,Anglosphere ex-US,domestic_PIs,614.0,early
alpha,0.048020645478637,28407.09026402383,-0.2048462552634377,Anglosphere ex-US,domestic_PIs,614.0,early
d,0.050061078794751655,27503.911589702962,-3.3777461835946125,Anglosphere ex-US,domestic_PIs,614.0,early
r,0.06371946118565575,179252.50310078106,1.0101010100995942,Continental Europe,domestic_active,3923.499485066941,early
I0,4915.22727273064,179234.57785047352,1.0000000000000144,Continental Europe,domestic_active,3923.499485066941,early
h_D,0.08767497245068245,178187.47776047495,0.40995141474274827,Continental Europe,domestic_active,3923.499485066941,early
p_D,0.09083924399225089,178041.62144499467,0.32776031054744975,Continental Europe,domestic_active,3923.499485066941,early
beta,0.03725053970887725,177646.77337772044,0.10526052689539783,Continental Europe,domestic_active,3923.499485066941,early
h_A,0.1620753298395073,177498.1915868341,0.021533597306838646,Continental Europe,domestic_active,3923.499485066941,early
p_A,0.13273246685370857,177478.17177338785,0.010252285506851207,Continental Europe,domestic_active,3923.499485066941,early
alpha,0.027624892215714517,177221.78971159132,-0.13422088787296155,Continental Europe,domestic_active,3923.499485066941,early
d,0.049954810045564194,172729.37229955057,-2.665731068875224,Continental Europe,domestic_active,3923.499485066941,early
r,0.06371946118565575,77917.73409050821,1.0101010100996164,Continental Europe,domestic_PIs,781.0,early
I0,4915.22727273064,77909.94231710026,1.00000000000003,Continental Europe,domestic_PIs,781.0,early
h_D,0.08767497245068245,77679.76703982921,0.7016080064627291,Continental Europe,domestic_PIs,781.0,early
p_D,0.09083924399225089,77644.21589591322,0.655520621095396,Continental Europe,domestic_PIs,781.0,early
beta,0.03725053970887725,77233.0827118072,0.12254048582973846,Continental Europe,domestic_PIs,781.0,early
h_A,0.1620753298395073,77168.99736274222,0.039462253924241276,Continental Europe,domestic_PIs,781.0,early
p_A,0.13273246685370857,77154.37367975188,0.02050457101372902,Continental Europe,domestic_PIs,781.0,early
alpha,0.027624892215714517,77074.73554125932,-0.08273580817961285,Continental Europe,domestic_PIs,781.0,early
d,0.049954810045564194,74545.63223512619,-3.361385827965085,Continental Europe,domestic_PIs,781.0,early
r,0.03559373627467721,23633.289830526897,1.010101010089929,Hindu,domestic_active,2248.8695652173915,early
I0,436.2272727296365,23630.926501546437,1.0000000000000004,Hindu,domestic_active,2248.8695652173915,early
h_D,0.051882696124553124,23488.418144376432,0.39091071722352494,Hindu,domestic_active,2248.8695652173915,early
p_D,0.1113865038781269,23442.58160359619,0.19500258732005285,Hindu,domestic_active,2248.8695652173915,early
beta,0.041747916345679925,23433.45904960928,0.15601224334780905,Hindu,domestic_active,2248.8695652173915,early
h_A,0.12985480002476207,23406.46000356626,0.04061669801586621,Hindu,domestic_active,2248.8695652173915,early
p_A,0.12927536413799565,23399.59290453483,0.01126630406796902,Hindu,domestic_active,2248.8695652173915,early
alpha,0.030182169506642445,23366.12949225808,-0.1317583310317537,Hindu,domestic_active,2248.8695652173915,early
d,0.03273590082143949,22790.26174458662,-2.5930516921283258,Hindu,domestic_active,2248.8695652173915,early
r,0.03559373627467721,12379.526706963752,1.0101010100899326,Hindu,domestic_PIs,536.0,early
I0,436.2272727296365,12378.288754294414,1.0000000000000033,Hindu,domestic_PIs,536.0,early
h_D,0.051882696124553124,12335.291351176678,0.6491649370043502,Hindu,domestic_PIs,536.0,early
p_D,0.1113865038781269,12303.529426701305,0.3900051746422257,Hindu,domestic_PIs,536.0,early
beta,0.041747916345679925,12276.483506178713,0.16932539999775784,Hindu,domestic_PIs,536.0,early
h_A,0.12985480002476207,12264.465113170887,0.07126195052706598,Hindu,domestic_PIs,536.0,early
p_A,0.12927536413799565,12258.49297583502,0.02253260813608194,Hindu,domestic_PIs,536.0,early
alpha,0.030182169506642445,12249.927317782336,-0.04735843096421516,Hindu,domestic_PIs,536.0,early
d,0.03273590082143949,11867.178106843805,-3.170380608919153,Hindu,domestic_PIs,536.0,early
r,0.043724715458210994,38281.64021180506,1.0101010100998233,Islamic,domestic_active,2254.7179487179487,early
I0,811.0909090913892,38277.81204778433,1.0000000000000075,Islamic,domestic_active,2254.7179487179487,early
h_D,0.052971551706087625,38063.70825155976,0.43506479963675093,Islamic,domestic_active,2254.7179487179487,early
p_D,0.11204462740508085,37980.68370768156,0.21599587999133923,Islamic,domestic_active,2254.7179487179487,early
beta,0.038666152725991346,37962.09495796572,0.16694752479914315,Islamic,domestic_active,2254.7179487179487,early
h_A,0.10241230823585566,37916.56987498372,0.04682484444735108,Islamic,domestic_active,2254.7179487179487,early
p_A,0.11398164015804714,37903.33243244109,0.011896471447974448,Islamic,domestic_active,2254.7179487179487,early
alpha,0.033379754601547684,37834.61517753044,-0.1694211738059381,Islamic,domestic_active,2254.7179487179487,early
d,0.03679165975673554,36900.19242113249,-2.634993089943082,Islamic,domestic_active,2254.7179487179487,early
r,0.043724715458210994,18737.31453642031,1.0101010100998018,Islamic,domestic_PIs,571.0,early
I0,811.0909090913892,18735.44080496689,0.9999999999999931,Islamic,domestic_PIs,571.0,early
h_D,0.052971551706087625,18683.6688762828,0.7209051630262828,Islamic,domestic_PIs,571.0,early
p_D,0.11204462740508085,18630.075609347346,0.4319917599828929,Islamic,domestic_PIs,571.0,early
beta,0.038666152725991346,18583.90059588096,0.18306906802954737,Islamic,domestic_PIs,571.0,early
h_A,0.10241230823585566,18565.140417450595,0.08193571113705009,Islamic,domestic_PIs,571.0,early
p_A,0.11398164015804714,18554.35496801873,0.023792942895940576,Islamic,domestic_PIs,571.0,early
alpha,0.033379754601547684,18533.91271792412,-0.08640821442129495,Islamic,domestic_PIs,571.0,early
d,0.03679165975673554,17944.254663279025,-3.265167878478191,Islamic,domestic_PIs,571.0,early
r,0.12930343406378597,32102.47318760107,1.010101010098829,Japanese,domestic_active,1792.6470588235293,early
I0,1065.272727273864,32099.262940283006,1.00000000000001,Japanese,domestic_active,1792.6470588235293,early
h_D,0.04014301554155901,31964.77456561329,0.5768337152503714,Japanese,domestic_active,1792.6470588235293,early
p_D,0.07714172206860984,31904.014529000975,0.38565288629300315,Japanese,domestic_active,1792.6470588235293,early
beta,0.030808450482929746,31825.661232613347,0.13911504678332642,Japanese,domestic_active,1792.6470588235293,early
h_A,0.09808181022574505,31797.487675136486,0.05046723856241091,Japanese,domestic_active,1792.6470588235293,early
p_A,0.1307687297911814,31786.921045112325,0.017219446099832628,Japanese,domestic_active,1792.6470588235293,early
alpha,0.024474337457814705,31729.797812321398,-0.16251821711745257,Japanese,domestic_active,1792.6470588235293,early
d,0.0580013462063447,30856.38389712334,-2.910706099160638,Japanese,domestic_active,1792.6470588235293,early
h_D,0.04014301554155901,8324.889091940222,1.047996464250616,Japanese,domestic_PIs,424.0,early
r,0.12930343406378597,8321.767056235003,1.0101010100988423,Japanese,domestic_PIs,424.0,early
I0,1065.272727273864,8320.93487952956,1.0000000000000113,Japanese,domestic_PIs,424.0,early
p_D,0.07714172206860984,8302.093792661943,0.771305772586847,Japanese,domestic_PIs,424.0,early
beta,0.030808450482929746,8253.315933919794,0.17923723650480772,Japanese,domestic_PIs,424.0,early
h_A,0.09808181022574505,8246.408842683946,0.09539855432297624,Japanese,domestic_PIs,424.0,early
p_A,0.1307687297911814,8241.38665081458,0.03443889219969283,Japanese,domestic_PIs,424.0,early
alpha,0.024474337457814705,8232.972510049427,-0.06769244635592396,Japanese,domestic_PIs,424.0,early
d,0.0580013462063447,7915.043444940789,-3.9267342536615777,Japanese,domestic_PIs,424.0,early
r,0.07936772957282301,43314.25623616015,1.0101010100967938,Other Civilizations,domestic_active,2068.969696969697,early
I0,1224.4545454570703,43309.924810538345,1.000000000000002,Other Civilizations,domestic_active,2068.969696969697,early
h_D,0.04353785673160454,43102.58323128316,0.5164734273637493,Other Civilizations,domestic_active,2068.969696969697,early
p_D,0.09071819385899485,43007.83300587427,0.2955131553669396,Other Civilizations,domestic_active,2068.969696969697,early
beta,0.03547966512712608,42963.01935637493,0.1910064258070554,Other Civilizations,domestic_active,2068.969696969697,early
h_A,0.09078822712692702,42909.97639444269,0.06730870112634842,Other Civilizations,domestic_active,2068.969696969697,early
p_A,0.1190578957327212,42889.14773442029,0.018735662233639195,Other Civilizations,domestic_active,2068.969696969697,early
alpha,0.036065346763659835,42794.336257620256,-0.202367449782686,Other Civilizations,domestic_active,2068.969696969697,early
d,0.047263529585617574,41680.06447498834,-2.800881544141935,Other Civilizations,domestic_active,2068.969696969697,early
r,0.07936772957282301,15583.446570044243,1.010101010096778,Other Civilizations,domestic_PIs,494.0,early
I0,1224.4545454570703,15581.888225387891,0.999999999999995,Other Civilizations,domestic_PIs,494.0,early
h_D,0.04353785673160454,15563.533967033994,0.8810298169946296,Other Civilizations,domestic_PIs,494.0,early
p_D,0.09071819385899485,15518.793350999273,0.5910263107350784,Other Civilizations,domestic_PIs,494.0,early
beta,0.03547966512712608,15462.21390434526,0.22428487161062025,Other Civilizations,domestic_PIs,494.0,early
h_A,0.09078822712692702,15446.31540699145,0.12123264780384659,Other Civilizations,domestic_PIs,494.0,early
p_A,0.1190578957327212,15433.393034933635,0.037471324467380954,Other Civilizations,domestic_PIs,494.0,early
alpha,0.036065346763659835,15413.875357412566,-0.08904000722194202,Other Civilizations,domestic_PIs,494.0,early
d,0.047263529585617574,14864.187553070724,-3.6520528741778633,Other Civilizations,domestic_PIs,494.0,early
r,0.06582423874465348,4495.423349229031,1.0101010100964791,Other Western,domestic_active,1601.2173913043478,early
I0,133.27272727302298,4494.973806894311,1.0000000000000124,Other Western,domestic_active,1601.2173913043478,early
h_D,0.09387084393109643,4468.512137332859,0.40541842054623317,Other Western,domestic_active,1601.2173913043478,early
p_D,0.07540104751485126,4465.016293920728,0.32686842230514,Other Western,domestic_active,1601.2173913043478,early
beta,0.04008744343995653,4460.063389029874,0.21557892086045194,Other Western,domestic_active,1601.2173913043478,early
h_A,0.1777097331261509,4452.722989996391,0.05064352096009159,Other Western,domestic_active,1601.2173913043478,early
p_A,0.13642319021666158,4451.605714826756,0.025538860292203414,Other Western,domestic_active,1601.2173913043478,early
alpha,0.06749233188447513,4440.817428604725,-0.2168689834985488,Other Western,domestic_active,1601.2173913043478,early
d,0.048796434956758644,4329.017689644084,-2.7289578454415477,Other Western,domestic_active,1601.2173913043478,early
r,0.06582423874465348,2045.126825682095,1.0101010100964685,Other Western,domestic_PIs,372.0,early
I0,133.27272727302298,2044.9223129996187,1.0000000000000029,Other Western,domestic_PIs,372.0,early
p_D,0.07540104751485126,2037.911607528102,0.6537368446117012,Other Western,domestic_PIs,372.0,early
h_D,0.09387084393109643,2036.7784875494362,0.5977713357423876,Other Western,domestic_PIs,372.0,early
beta,0.04008744343995653,2029.6613306685763,0.24625047825199808,Other Western,domestic_PIs,372.0,early
h_A,0.1777097331261509,2026.4169021455436,0.08600611163563285,Other Western,domestic_PIs,372.0,early
p_A,0.13642319021666158,2025.7097155493295,0.051077720584505965,Other Western,domestic_PIs,372.0,early
alpha,0.06749233188447513,2022.4388714868073,-0.11047132615172764,Other Western,domestic_PIs,372.0,early
d,0.048796434956758644,1955.3219074580102,-3.4254204192372883,Other Western,domestic_PIs,372.0,early
r,0.04957627169983425,280968.8541085457,1.0101010100938241,Sinic,domestic_active,3129.4270557029176,early
I0,5567.727272746829,280940.7572231549,1.0000000000000202,Sinic,domestic_active,3129.4270557029176,early
h_D,0.03341268724785057,279403.97898796364,0.44751839039494967,Sinic,domestic_active,3129.4270557029176,early
p_D,0.10948885651078437,278767.65102762775,0.21875441670467327,Sinic,domestic_active,3129.4270557029176,early
beta,0.06971319458731101,278446.32785736135,0.10323668080304833,Sinic,domestic_active,3129.4270557029176,early
h_A,0.10078332257193155,278328.7779006824,0.060976719158743024,Sinic,domestic_active,3129.4270557029176,early
p_A,0.14291520099513155,278195.42177733156,0.01303433945006499,Sinic,domestic_active,3129.4270557029176,early
alpha,0.020739018239190186,278017.08191790077,-0.051079981236423495,Sinic,domestic_active,3129.4270557029176,early
d,0.036620312603315566,270608.14512763487,-2.714640168135434,Sinic,domestic_active,3129.4270557029176,early
r,0.04957627169983425,113440.69953827144,1.0101010100938235,Sinic,domestic_PIs,658.0,early
I0,5567.727272746829,113429.3554683257,1.0000000000000129,Sinic,domestic_PIs,658.0,early
h_D,0.03341268724785057,113228.00556005194,0.8207136005341534,Sinic,domestic_PIs,658.0,early
p_D,0.10948885651078437,112797.64249324818,0.43750883341090113,Sinic,domestic_PIs,658.0,early
h_A,0.10078332257193155,112434.809058005,0.11443393971820648,Sinic,domestic_PIs,658.0,early
beta,0.06971319458731101,112413.25111307611,0.09523827005378567,Sinic,domestic_PIs,658.0,early
alpha,0.020739018239190186,112366.25244269143,0.05338961730200059,Sinic,domestic_PIs,658.0,early
p_A,0.14291520099513155,112335.56930968449,0.02606867890024531,Sinic,domestic_PIs,658.0,early
d,0.036620312603315566,108435.30457292145,-3.446813070155169,Sinic,domestic_PIs,658.0,early
r,0.07082745701768545,140809.12937921222,1.0101010100951908,United States,domestic_active,1844.0637813211845,early
I0,4212.909090921046,140795.04846628237,0.9999999999999762,United States,domestic_active,1844.0637813211845,early
h_D,0.09103390221896868,140073.20898296637,0.4821850014677281,United States,domestic_active,1844.0637813211845,early
p_D,0.08869380724929801,139874.76089736406,0.33982732011337463,United States,domestic_active,1844.0637813211845,early
beta,0.01957826482106719,139568.13551807537,0.11986814082750843,United States,domestic_active,1844.0637813211845,early
h_A,0.13570501537708393,139430.00072661496,0.020776488887470558,United States,domestic_active,1844.0637813211845,early
p_A,0.13384332137175317,139413.17572831744,0.008706996056854668,United States,domestic_active,1844.0637813211845,early
alpha,0.03701042115977939,139062.2905876523,-0.24300213429417403,United States,domestic_active,1844.0637813211845,early
d,0.05123478565077462,135703.03294510132,-2.652781637150061,United States,domestic_active,1844.0637813211845,early
r,0.07082745701768545,60082.119383674944,1.0101010100952215,United States,domestic_PIs,356.0,early
I0,4212.909090921046,60076.11117174002,1.0000000000000002,United States,domestic_PIs,356.0,early
h_D,0.09103390221896868,59944.32636029373,0.778443283087596,United States,domestic_PIs,356.0,early
p_D,0.08869380724929801,59885.56559305711,0.6796546402286603,United States,domestic_PIs,356.0,early
beta,0.01957826482106719,59568.75572359496,0.14703366674046398,United States,domestic_PIs,356.0,early
h_A,0.13570501537708393,59503.22811080507,0.03686859841806218,United States,domestic_PIs,356.0,early
p_A,0.13384332137175317,59491.65625841756,0.01741399211378994,United States,domestic_PIs,356.0,early
alpha,0.03701042115977939,59364.77339482733,-0.19590156664430944,United States,domestic_PIs,356.0,early
d,0.05123478565077462,57478.95084388746,-3.366347754488164,United States,domestic_PIs,356.0,early
r,0.050809758736477306,76005.36195842647,1.010101010093109,Anglosphere ex-US,domestic_active,3183.4920212765956,late
I0,1696.1666666732197,75997.76142223657,0.9999999999999966,Anglosphere ex-US,domestic_active,3183.4920212765956,late
h_D,0.09508763162984664,75554.25212371489,0.4105821235731436,Anglosphere ex-US,domestic_active,3183.4920212765956,late
p_D,0.048274743349444496,75534.21038298379,0.383946920430842,Anglosphere ex-US,domestic_active,3183.4920212765956,late
beta,0.021893759534902545,75380.5718192819,0.17976334128991964,Anglosphere ex-US,domestic_active,3183.4920212765956,late
h_A,0.15407547887309211,75267.61726531872,0.029648262414147274,Anglosphere ex-US,domestic_active,3183.4920212765956,late
p_A,0.07228538887910171,75262.03707638523,0.022232266577743718,Anglosphere ex-US,domestic_active,3183.4920212765956,late
alpha,0.05002316348951267,75059.78153403739,-0.24656262151950092,Anglosphere ex-US,domestic_active,3183.4920212765956,late
d,0.03707489210498354,73211.97482056219,-2.7022728236148637,Anglosphere ex-US,domestic_active,3183.4920212765956,late
r,0.050809758736477306,33719.89369559631,1.010101010093118,Anglosphere ex-US,domestic_PIs,614.0,late
I0,1696.1666666732197,33716.52170622939,1.0000000000000202,Anglosphere ex-US,domestic_PIs,614.0,late
p_D,0.048274743349444496,33639.03841560923,0.7678938408646957,Anglosphere ex-US,domestic_PIs,614.0,late
h_D,0.09508763162984664,33579.548204083774,0.5896871024465615,Anglosphere ex-US,domestic_PIs,614.0,late
beta,0.021893759534902545,33453.05372349568,0.21076478505232263,Anglosphere ex-US,domestic_PIs,614.0,late
h_A,0.15407547887309211,33399.48257326781,0.05028897381182354,Anglosphere ex-US,domestic_PIs,614.0,late
p_A,0.07228538887910171,33397.53821802217,0.044464533155688206,Anglosphere ex-US,domestic_PIs,614.0,late
alpha,0.05002316348951267,33325.373582050044,-0.1717092553712052,Anglosphere ex-US,domestic_PIs,614.0,late
d,0.03707489210498354,32249.982152514043,-3.393113151345111,Anglosphere ex-US,domestic_PIs,614.0,late
r,0.05292861906832513,234301.35051318666,1.0101010100935635,Continental Europe,domestic_active,3923.499485066941,late
I0,5064.6666666851015,234277.9203781526,0.9999999999999972,Continental Europe,domestic_active,3923.499485066941,late
p_D,0.05019792511762959,232893.2329942127,0.40304478735260496,Continental Europe,domestic_active,3923.499485066941,late
h_D,0.08693162437087656,232800.87957733686,0.36323013008825533,Continental Europe,domestic_active,3923.499485066941,late
beta,0.03369961534352089,232220.28182815167,0.11292752977042704,Continental Europe,domestic_active,3923.499485066941,late
h_A,0.1412368453603277,232014.25473239354,0.02410679652342423,Continental Europe,domestic_active,3923.499485066941,late
p_A,0.07587080159115409,231997.81534997287,0.01701958308987298,Continental Europe,domestic_active,3923.499485066941,late
alpha,0.02847400428530066,231651.07043450803,-0.13246627714578152,Continental Europe,domestic_active,3923.499485066941,late
d,0.03921465816359618,225671.49203631445,-2.710333697356463,Continental Europe,domestic_active,3923.499485066941,late
r,0.05292861906832513,96655.17457014964,1.0101010100935572,Continental Europe,domestic_PIs,781.0,late
I0,5064.6666666851015,96645.50905269975,0.9999999999999957,Continental Europe,domestic_PIs,781.0,late
p_D,0.05019792511762959,96459.95883722494,0.8060895747081511,Continental Europe,domestic_PIs,781.0,late
h_D,0.08693162437087656,96258.25551767828,0.5952982459242707,Continental Europe,domestic_PIs,781.0,late
beta,0.03369961534352089,95810.11168884597,0.12696270549701402,Continental Europe,domestic_PIs,781.0,late
h_A,0.1412368453603277,95730.50721608444,0.04377154816626177,Continental Europe,domestic_PIs,781.0,late
p_A,0.07587080159115409,95721.19443379361,0.03403916617983391,Continental Europe,domestic_PIs,781.0,late
alpha,0.02847400428530066,95617.38724287516,-0.07444519471319472,Continental Europe,domestic_PIs,781.0,late
d,0.03921465816359618,92404.70083279314,-3.431883430579367,Continental Europe,domestic_PIs,781.0,late
r,0.023659907746605313,111491.64231380814,1.0101010100832224,Hindu,domestic_active,2248.8695652173915,late
I0,1539.3333333467458,111480.49314959638,0.9999999999999887,Hindu,domestic_active,2248.8695652173915,late
h_D,0.06793960453622004,110724.16156075777,0.3147725820499049,Hindu,domestic_active,2248.8695652173915,late
p_D,0.08088925172279628,110613.10524444902,0.21415688121933896,Hindu,domestic_active,2248.8695652173915,late
beta,0.03648503889539741,110508.86342475709,0.11971503322036278,Hindu,domestic_active,2248.8695652173915,late
h_A,0.12201904017620953,110402.77409495451,0.023599363049423654,Hindu,domestic_active,2248.8695652173915,late
p_A,0.07928299984104617,110387.61537298324,0.009865741356133296,Hindu,domestic_active,2248.8695652173915,late
alpha,0.026344120110846896,110246.91923495181,-0.1176032851945985,Hindu,domestic_active,2248.8695652173915,late
d,0.025262573073431802,107615.41225773131,-2.501717287476737,Hindu,domestic_active,2248.8695652173915,late
r,0.023659907746605313,65718.01426788846,1.0101010100832237,Hindu,domestic_PIs,536.0,late
I0,1539.3333333467458,65711.44246647324,0.9999999999999929,Hindu,domestic_PIs,536.0,late
h_D,0.06793960453622004,65390.192303326025,0.5062311028338286,Hindu,domestic_PIs,536.0,late
p_D,0.08088925172279628,65339.498631739196,0.42831376244243446,Hindu,domestic_PIs,536.0,late
beta,0.03648503889539741,65141.92668633944,0.12464113350027096,Hindu,domestic_PIs,536.0,late
h_A,0.12201904017620953,65087.45447841337,0.04091609575909035,Hindu,domestic_PIs,536.0,late
p_A,0.07928299984104617,65073.67159245902,0.019731482712439394,Hindu,domestic_PIs,536.0,late
alpha,0.026344120110846896,65018.002929869705,-0.06583253339311568,Hindu,domestic_PIs,536.0,late
d,0.025262573073431802,63122.309001889334,-2.9795577468322385,Hindu,domestic_PIs,536.0,late
r,0.026532535515571,188126.17764766642,1.0101010100901964,Islamic,domestic_active,2254.7179487179487,late
I0,2766.5833333480173,188107.36502992178,0.9999999999999942,Islamic,domestic_active,2254.7179487179487,late
h_D,0.05934888824867222,186876.2608483623,0.33898642236718757,Islamic,domestic_active,2254.7179487179487,late
p_D,0.0837453130027528,186649.7800608144,0.2173826800644977,Islamic,domestic_active,2254.7179487179487,late
beta,0.04095592796408276,186477.84974716167,0.12506858233545037,Islamic,domestic_active,2254.7179487179487,late
h_A,0.1110114352107629,186301.66521191216,0.030470276429828674,Islamic,domestic_active,2254.7179487179487,late
p_A,0.07590736947044102,186265.66664538204,0.01114165939793374,Islamic,domestic_active,2254.7179487179487,late
alpha,0.026578478677361423,186028.96365333165,-0.11595066467606527,Islamic,domestic_active,2254.7179487179487,late
d,0.026780975199419344,181510.88725765678,-2.5418297146036175,Islamic,domestic_active,2254.7179487179487,late
r,0.026532535515571,105324.59733723827,1.010101010090182,Islamic,domestic_PIs,571.0,late
I0,2766.5833333480173,105314.06487751582,0.9999999999999816,Islamic,domestic_PIs,571.0,late
h_D,0.05934888824867222,104851.71228786034,0.5565871319323178,Islamic,domestic_PIs,571.0,late
p_D,0.0837453130027528,104724.68708014801,0.4347653601313098,Islamic,domestic_PIs,571.0,late
beta,0.04095592796408276,104405.01753952722,0.12819070041942743,Islamic,domestic_PIs,571.0,late
h_A,0.1110114352107629,104326.8572706939,0.05323217364195675,Islamic,domestic_PIs,571.0,late
p_A,0.07590736947044102,104294.58648151437,0.022283318795995124,Islamic,domestic_PIs,571.0,late
alpha,0.026578478677361423,104213.3351823195,-0.05563961797628423,Islamic,domestic_PIs,571.0,late
d,0.026780975199419344,101079.67426934306,-3.060933854588663,Islamic,domestic_PIs,571.0,late
r,0.12901451363450178,25304.951732491656,1.0101010101003716,Japanese,domestic_active,1792.6470588235293,late
I0,714.2500000002218,25302.421237318562,0.9999999999999806,Japanese,domestic_active,1792.6470588235293,late
h_D,0.039242974568596885,25186.90138990859,0.5388779406138762,Japanese,domestic_active,1792.6470588235293,late
p_D,0.036847051910514676,25177.966621309643,0.5032129099818333,Japanese,domestic_active,1792.6470588235293,late
beta,0.025143162722624974,25091.862667124533,0.15951064958828662,Japanese,domestic_active,1792.6470588235293,late
h_A,0.09241446021872922,25066.35667526323,0.05769805411255306,Japanese,domestic_active,1792.6470588235293,late
p_A,0.06601854281397725,25060.32479868707,0.03362053487129271,Japanese,domestic_active,1792.6470588235293,late
alpha,0.025539562607202998,25007.76304416406,-0.17619089609935418,Japanese,domestic_active,1792.6470588235293,late
d,0.048250975832396216,24297.269728637035,-3.0122761938332734,Japanese,domestic_active,1792.6470588235293,late
r,0.12901451363450178,5592.120034714294,1.0101010101003638,Japanese,domestic_PIs,424.0,late
p_D,0.036847051910514676,5591.916568880803,1.0064258199639926,Japanese,domestic_PIs,424.0,late
I0,714.2500000002218,5591.560822710858,0.9999999999999903,Japanese,domestic_PIs,424.0,late
h_D,0.039242974568596885,5588.621926561148,0.9469149097126635,Japanese,domestic_PIs,424.0,late
beta,0.025143162722624974,5547.585688653081,0.2056800094535637,Japanese,domestic_PIs,424.0,late
h_A,0.09241446021872922,5542.191483166996,0.10824482608190301,Japanese,domestic_PIs,424.0,late
p_A,0.06601854281397725,5539.921433686492,0.06724106974258681,Japanese,domestic_PIs,424.0,late
alpha,0.025539562607202998,5532.785004146386,-0.06166379356912099,Japanese,domestic_PIs,424.0,late
d,0.048250975832396216,5307.859108300555,-4.124485642552465,Japanese,domestic_PIs,424.0,late
r,0.05333817209771041,92858.99266704835,1.0101010100980963,Other Civilizations,domestic_active,2068.969696969697,late
I0,1941.8333333360858,92849.70676778432,0.9999999999999858,Other Civilizations,domestic_active,2068.969696969697,late
h_D,0.04726540350479085,92344.2479846751,0.45017233902836906,Other Civilizations,domestic_active,2068.969696969697,late
p_D,0.060537482957971074,92234.24271489299,0.33051087067521406,Other Civilizations,domestic_active,2068.969696969697,late
beta,0.034606389431491254,92082.84447387696,0.165822980159183,Other Civilizations,domestic_active,2068.969696969697,late
h_A,0.08558934762941846,91980.0399786368,0.05399436614725155,Other Civilizations,domestic_active,2068.969696969697,late
p_A,0.07073629460534016,91949.66335296584,0.0209512979505959,Other Civilizations,domestic_active,2068.969696969697,late
alpha,0.030489944575906532,91773.87651771822,-0.17026600340732265,Other Civilizations,domestic_active,2068.969696969697,late
d,0.036105425047323406,89384.54381428135,-2.7693329412347945,Other Civilizations,domestic_active,2068.969696969697,late
r,0.05333817209771041,36773.81009330035,1.010101010098109,Other Civilizations,domestic_PIs,494.0,late
I0,1941.8333333360858,36770.13271229208,0.9999999999999997,Other Civilizations,domestic_PIs,494.0,late
h_D,0.04726540350479085,36679.24512390763,0.7503504679013511,Other Civilizations,domestic_PIs,494.0,late
p_D,0.060537482957971074,36646.72404340997,0.6610217413513493,Other Civilizations,domestic_PIs,494.0,late
beta,0.034606389431491254,36472.49158885575,0.182440985397384,Other Civilizations,domestic_PIs,494.0,late
h_A,0.08558934762941846,36441.135483647515,0.09631220661891579,Other Civilizations,domestic_PIs,494.0,late
p_A,0.07073629460534016,36421.32708159887,0.041902595901246245,Other Civilizations,domestic_PIs,494.0,late
alpha,0.030489944575906532,36378.23175450168,-0.07647141353934599,Other Civilizations,domestic_PIs,494.0,late
d,0.036105425047323406,35114.01788009918,-3.5490071890756627,Other Civilizations,domestic_PIs,494.0,late
r,0.05009261217173844,5788.575949171844,1.010101010098455,Other Western,domestic_active,1601.2173913043478,late
I0,122.0833333334869,5787.997091577073,0.9999999999999988,Other Western,domestic_active,1601.2173913043478,late
p_D,0.03837140514226634,5753.848921197259,0.4041176673394928,Other Western,domestic_active,1601.2173913043478,late
h_D,0.09197919522391995,5748.3733431053315,0.30856934923658785,Other Western,domestic_active,1601.2173913043478,late
beta,0.0448420057578561,5741.2356603676835,0.18401746279014533,Other Western,domestic_active,1601.2173913043478,late
h_A,0.18272523920350447,5733.44672683309,0.04810131173700158,Other Western,domestic_active,1601.2173913043478,late
p_A,0.07265344393239699,5733.133644998009,0.042638063424524565,Other Western,domestic_active,1601.2173913043478,late
alpha,0.059267388687978546,5722.629827105809,-0.14065256204175255,Other Western,domestic_active,1601.2173913043478,late
d,0.036244832720914506,5572.118480623383,-2.767061275488948,Other Western,domestic_active,1601.2173913043478,late
r,0.05009261217173844,2461.7701686939286,1.010101010098462,Other Western,domestic_PIs,372.0,late
I0,122.0833333334869,2461.523991677121,0.9999999999999938,Other Western,domestic_PIs,372.0,late
p_D,0.03837140514226634,2456.8503944054264,0.8082353346799735,Other Western,domestic_PIs,372.0,late
h_D,0.09197919522391995,2447.7707141568926,0.4356825144748379,Other Western,domestic_PIs,372.0,late
beta,0.0448420057578561,2441.813002096116,0.1912287044884316,Other Western,domestic_PIs,372.0,late
p_A,0.07265344393239699,2439.230776236323,0.08527612684915471,Other Western,domestic_PIs,372.0,late
h_A,0.18272523920350447,2439.162886318262,0.08249050227374488,Other Western,domestic_PIs,372.0,late
alpha,0.059267388687978546,2436.4621694506445,-0.028323938110197216,Other Western,domestic_PIs,372.0,late
d,0.036244832720914506,2352.51133565452,-3.472951836143211,Other Western,domestic_PIs,372.0,late
r,0.03134145800754595,364636.9482700119,1.0101010100970882,Sinic,domestic_active,3129.4270557029176,late
I0,5630.083333344164,364600.4845751991,0.9999999999999994,Sinic,domestic_active,3129.4270557029176,late
h_D,0.060052562317839536,362133.21797135007,0.31652881021513257,Sinic,domestic_active,3129.4270557029176,late
p_D,0.06055431084882512,362034.820648458,0.2892712227117022,Sinic,domestic_active,3129.4270557029176,late
beta,0.05629192543739181,361356.37228719756,0.10133048377621039,Sinic,domestic_active,3129.4270557029176,late
h_A,0.1342105107523186,361110.20360931254,0.03313793462105499,Sinic,domestic_active,3129.4270557029176,late
p_A,0.0721040429072237,361051.0071256318,0.016739588747430232,Sinic,domestic_active,3129.4270557029176,late
alpha,0.025617380437910325,360722.19777931203,-0.07434570977319217,Sinic,domestic_active,3129.4270557029176,late
d,0.028689516919377094,351557.9130480846,-2.6129949903203418,Sinic,domestic_active,3129.4270557029176,late
r,0.03134145800754595,181451.44557641444,1.0101010100971002,Sinic,domestic_PIs,658.0,late
I0,5630.083333344164,181433.30043186384,1.000000000000013,Sinic,domestic_PIs,658.0,late
p_D,0.06055431084882512,180676.20701484827,0.5785424454245298,Sinic,domestic_PIs,658.0,late
h_D,0.060052562317839536,180600.00152009403,0.5361204922777886,Sinic,domestic_PIs,658.0,late
beta,0.05629192543739181,179808.73571982078,0.09563990995155303,Sinic,domestic_PIs,658.0,late
h_A,0.1342105107523186,179744.34471812283,0.059794829935851716,Sinic,domestic_PIs,658.0,late
p_A,0.0721040429072237,179697.07208767356,0.03347917749492002,Sinic,domestic_PIs,658.0,late
alpha,0.025617380437910325,179627.43263246107,-0.005287603243339725,Sinic,domestic_PIs,658.0,late
d,0.028689516919377094,173866.70339116218,-3.2121611594552104,Sinic,domestic_PIs,658.0,late
r,0.046024994402387165,171502.54520062526,1.0101010101003214,United States,domestic_active,1844.0637813211845,late
I0,3510.250000001136,171485.39494610636,0.9999999999999962,United States,domestic_active,1844.0637813211845,late
p_D,0.04721664739331095,170449.56288494094,0.3899244993395079,United States,domestic_active,1844.0637813211845,late
h_D,0.10015275720659468,170401.12962883207,0.36139869474528635,United States,domestic_active,1844.0637813211845,late
beta,0.026511173372317332,170029.54728771636,0.1425473082206076,United States,domestic_active,1844.0637813211845,late
h_A,0.14152289295111337,169830.4285859011,0.02527207968198345,United States,domestic_active,1844.0637813211845,late
p_A,0.07033224261047769,169819.7342163378,0.01897340144041268,United States,domestic_active,1844.0637813211845,late
alpha,0.039882843067571914,169473.73263152095,-0.18481165021068335,United States,domestic_active,1844.0637813211845,late
d,0.03579667001093551,165240.30591183953,-2.678179081426618,United States,domestic_active,1844.0637813211845,late
r,0.046024994402387165,77038.72899378331,1.0101010101003354,United States,domestic_PIs,356.0,late
I0,3510.250000001136,77031.02512088444,0.9999999999999919,United States,domestic_PIs,356.0,late
p_D,0.04721664739331095,76863.11960293273,0.7798489986792835,United States,domestic_PIs,356.0,late
h_D,0.10015275720659468,76681.19057187586,0.5413109277149227,United States,domestic_PIs,356.0,late
beta,0.026511173372317332,76391.68888642247,0.16172789367238377,United States,domestic_PIs,356.0,late
h_A,0.14152289295111337,76301.93188254164,0.04404209917934929,United States,domestic_PIs,356.0,late
p_A,0.07033224261047769,76297.28310113281,0.037946802880809385,United States,domestic_PIs,356.0,late
alpha,0.039882843067571914,76174.4201956102,-0.12314612608267572,United States,domestic_PIs,356.0,late
d,0.03579667001093551,73715.9226672426,-3.3466297805642156,United States,domestic_PIs,356.0,late
